"","League","LID","CID","Club","MostHomeGoals","MostAwayGoals","xL","xC","yH","yG","L","yd"
"1","LA_LIGA",15,3788,"Sporting_Gijon",3,3,"1","1",3,3,15,0
"2","LA_LIGA",15,3788,"Sporting_Gijon",4,3,"1","1",4,3,15,1
"3","LA_LIGA",15,3788,"Sporting_Gijon",2,4,"1","1",2,4,15,-2
"4","LA_LIGA",15,3788,"Sporting_Gijon",3,3,"1","1",3,3,15,0
"5","LA_LIGA",15,3788,"Sporting_Gijon",5,3,"1","1",5,3,15,2
"6","LA_LIGA",15,3788,"Sporting_Gijon",3,2,"1","1",3,2,15,1
"7","LA_LIGA",15,83,"Barcelona",7,6,"1","2",7,6,15,1
"8","LA_LIGA",15,83,"Barcelona",5,6,"1","2",5,6,15,-1
"9","LA_LIGA",15,83,"Barcelona",6,4,"1","2",6,4,15,2
"10","LA_LIGA",15,83,"Barcelona",5,3,"1","2",5,3,15,2
"11","LA_LIGA",15,83,"Barcelona",4,4,"1","2",4,4,15,0
"12","LA_LIGA",15,83,"Barcelona",5,4,"1","2",5,4,15,1
"13","LA_LIGA",15,83,"Barcelona",4,6,"1","2",4,6,15,-2
"14","LA_LIGA",15,83,"Barcelona",6,5,"1","2",6,5,15,1
"15","LA_LIGA",15,83,"Barcelona",6,6,"1","2",6,6,15,0
"16","LA_LIGA",15,83,"Barcelona",6,5,"1","2",6,5,15,1
"17","LA_LIGA",15,83,"Barcelona",5,8,"1","2",5,8,15,-3
"18","LA_LIGA",15,83,"Barcelona",8,7,"1","2",8,7,15,1
"19","LA_LIGA",15,83,"Barcelona",6,5,"1","2",6,5,15,1
"20","LA_LIGA",15,83,"Barcelona",7,5,"1","2",7,5,15,2
"21","LA_LIGA",15,83,"Barcelona",6,8,"1","2",6,8,15,-2
"22","LA_LIGA",15,83,"Barcelona",6,8,"1","2",6,8,15,-2
"23","LA_LIGA",15,83,"Barcelona",7,6,"1","2",7,6,15,1
"24","LA_LIGA",15,86,"Real_Madrid",5,4,"1","3",5,4,15,1
"25","LA_LIGA",15,86,"Real_Madrid",7,3,"1","3",7,3,15,4
"26","LA_LIGA",15,86,"Real_Madrid",5,5,"1","3",5,5,15,0
"27","LA_LIGA",15,86,"Real_Madrid",7,4,"1","3",7,4,15,3
"28","LA_LIGA",15,86,"Real_Madrid",6,3,"1","3",6,3,15,3
"29","LA_LIGA",15,86,"Real_Madrid",4,3,"1","3",4,3,15,1
"30","LA_LIGA",15,86,"Real_Madrid",4,4,"1","3",4,4,15,0
"31","LA_LIGA",15,86,"Real_Madrid",7,5,"1","3",7,5,15,2
"32","LA_LIGA",15,86,"Real_Madrid",7,5,"1","3",7,5,15,2
"33","LA_LIGA",15,86,"Real_Madrid",6,5,"1","3",6,5,15,1
"34","LA_LIGA",15,86,"Real_Madrid",8,6,"1","3",8,6,15,2
"35","LA_LIGA",15,86,"Real_Madrid",7,6,"1","3",7,6,15,1
"36","LA_LIGA",15,86,"Real_Madrid",6,5,"1","3",6,5,15,1
"37","LA_LIGA",15,86,"Real_Madrid",7,5,"1","3",7,5,15,2
"38","LA_LIGA",15,86,"Real_Madrid",9,8,"1","3",9,8,15,1
"39","LA_LIGA",15,86,"Real_Madrid",10,6,"1","3",10,6,15,4
"40","LA_LIGA",15,86,"Real_Madrid",5,6,"1","3",5,6,15,-1
"41","LA_LIGA",15,3747,"Granada",4,3,"1","4",4,3,15,1
"42","LA_LIGA",15,3747,"Granada",3,3,"1","4",3,3,15,0
"43","LA_LIGA",15,3747,"Granada",4,3,"1","4",4,3,15,1
"44","LA_LIGA",15,3747,"Granada",2,3,"1","4",2,3,15,-1
"45","LA_LIGA",15,3747,"Granada",5,4,"1","4",5,4,15,1
"46","LA_LIGA",15,3747,"Granada",4,2,"1","4",4,2,15,2
"47","LA_LIGA",15,1068,"Atletico_Madrid",3,4,"1","5",3,4,15,-1
"48","LA_LIGA",15,1068,"Atletico_Madrid",4,4,"1","5",4,4,15,0
"49","LA_LIGA",15,1068,"Atletico_Madrid",4,2,"1","5",4,2,15,2
"50","LA_LIGA",15,1068,"Atletico_Madrid",5,3,"1","5",5,3,15,2
"51","LA_LIGA",15,1068,"Atletico_Madrid",3,4,"1","5",3,4,15,-1
"52","LA_LIGA",15,1068,"Atletico_Madrid",6,3,"1","5",6,3,15,3
"53","LA_LIGA",15,1068,"Atletico_Madrid",4,5,"1","5",4,5,15,-1
"54","LA_LIGA",15,1068,"Atletico_Madrid",4,4,"1","5",4,4,15,0
"55","LA_LIGA",15,1068,"Atletico_Madrid",4,4,"1","5",4,4,15,0
"56","LA_LIGA",15,1068,"Atletico_Madrid",4,4,"1","5",4,4,15,0
"57","LA_LIGA",15,1068,"Atletico_Madrid",6,4,"1","5",6,4,15,2
"58","LA_LIGA",15,1068,"Atletico_Madrid",7,4,"1","5",7,4,15,3
"59","LA_LIGA",15,1068,"Atletico_Madrid",4,4,"1","5",4,4,15,0
"60","LA_LIGA",15,1068,"Atletico_Madrid",5,3,"1","5",5,3,15,2
"61","LA_LIGA",15,1068,"Atletico_Madrid",7,5,"1","5",7,5,15,2
"62","LA_LIGA",15,97,"Osasuna",3,3,"1","6",3,3,15,0
"63","LA_LIGA",15,97,"Osasuna",4,2,"1","6",4,2,15,2
"64","LA_LIGA",15,97,"Osasuna",4,3,"1","6",4,3,15,1
"65","LA_LIGA",15,97,"Osasuna",3,3,"1","6",3,3,15,0
"66","LA_LIGA",15,97,"Osasuna",4,3,"1","6",4,3,15,1
"67","LA_LIGA",15,97,"Osasuna",3,4,"1","6",3,4,15,-1
"68","LA_LIGA",15,97,"Osasuna",5,5,"1","6",5,5,15,0
"69","LA_LIGA",15,97,"Osasuna",4,3,"1","6",4,3,15,1
"70","LA_LIGA",15,97,"Osasuna",5,4,"1","6",5,4,15,1
"71","LA_LIGA",15,97,"Osasuna",3,2,"1","6",3,2,15,1
"72","LA_LIGA",15,97,"Osasuna",4,4,"1","6",4,4,15,0
"73","LA_LIGA",15,97,"Osasuna",3,4,"1","6",3,4,15,-1
"74","LA_LIGA",15,97,"Osasuna",4,3,"1","6",4,3,15,1
"75","LA_LIGA",15,97,"Osasuna",3,2,"1","6",3,2,15,1
"76","LA_LIGA",15,97,"Osasuna",3,3,"1","6",3,3,15,0
"77","LA_LIGA",15,17534,"Leganes",4,2,"1","7",4,2,15,2
"78","LA_LIGA",15,243,"Sevilla",4,4,"1","8",4,4,15,0
"79","LA_LIGA",15,243,"Sevilla",3,3,"1","8",3,3,15,0
"80","LA_LIGA",15,243,"Sevilla",5,4,"1","8",5,4,15,1
"81","LA_LIGA",15,243,"Sevilla",3,3,"1","8",3,3,15,0
"82","LA_LIGA",15,243,"Sevilla",4,4,"1","8",4,4,15,0
"83","LA_LIGA",15,243,"Sevilla",4,4,"1","8",4,4,15,0
"84","LA_LIGA",15,243,"Sevilla",5,4,"1","8",5,4,15,1
"85","LA_LIGA",15,243,"Sevilla",4,4,"1","8",4,4,15,0
"86","LA_LIGA",15,243,"Sevilla",4,5,"1","8",4,5,15,-1
"87","LA_LIGA",15,243,"Sevilla",4,4,"1","8",4,4,15,0
"88","LA_LIGA",15,243,"Sevilla",5,3,"1","8",5,3,15,2
"89","LA_LIGA",15,243,"Sevilla",5,3,"1","8",5,3,15,2
"90","LA_LIGA",15,243,"Sevilla",4,3,"1","8",4,3,15,1
"91","LA_LIGA",15,243,"Sevilla",5,4,"1","8",5,4,15,1
"92","LA_LIGA",15,243,"Sevilla",5,2,"1","8",5,2,15,3
"93","LA_LIGA",15,243,"Sevilla",6,4,"1","8",6,4,15,2
"94","LA_LIGA",15,90,"Deportivo_La_Coruña",5,3,"1","9",5,3,15,2
"95","LA_LIGA",15,90,"Deportivo_La_Coruña",6,4,"1","9",6,4,15,2
"96","LA_LIGA",15,90,"Deportivo_La_Coruña",5,5,"1","9",5,5,15,0
"97","LA_LIGA",15,90,"Deportivo_La_Coruña",4,2,"1","9",4,2,15,2
"98","LA_LIGA",15,90,"Deportivo_La_Coruña",3,3,"1","9",3,3,15,0
"99","LA_LIGA",15,90,"Deportivo_La_Coruña",3,3,"1","9",3,3,15,0
"100","LA_LIGA",15,90,"Deportivo_La_Coruña",3,3,"1","9",3,3,15,0
"101","LA_LIGA",15,90,"Deportivo_La_Coruña",5,3,"1","9",5,3,15,2
"102","LA_LIGA",15,90,"Deportivo_La_Coruña",3,3,"1","9",3,3,15,0
"103","LA_LIGA",15,90,"Deportivo_La_Coruña",3,2,"1","9",3,2,15,1
"104","LA_LIGA",15,90,"Deportivo_La_Coruña",4,4,"1","9",4,4,15,0
"105","LA_LIGA",15,90,"Deportivo_La_Coruña",3,2,"1","9",3,2,15,1
"106","LA_LIGA",15,90,"Deportivo_La_Coruña",3,3,"1","9",3,3,15,0
"107","LA_LIGA",15,90,"Deportivo_La_Coruña",5,3,"1","9",5,3,15,2
"108","LA_LIGA",15,102,"Villarreal",4,5,"1","10",4,5,15,-1
"109","LA_LIGA",15,102,"Villarreal",5,2,"1","10",5,2,15,3
"110","LA_LIGA",15,102,"Villarreal",6,2,"1","10",6,2,15,4
"111","LA_LIGA",15,102,"Villarreal",6,3,"1","10",6,3,15,3
"112","LA_LIGA",15,102,"Villarreal",4,4,"1","10",4,4,15,0
"113","LA_LIGA",15,102,"Villarreal",4,3,"1","10",4,3,15,1
"114","LA_LIGA",15,102,"Villarreal",3,4,"1","10",3,4,15,-1
"115","LA_LIGA",15,102,"Villarreal",4,4,"1","10",4,4,15,0
"116","LA_LIGA",15,102,"Villarreal",4,4,"1","10",4,4,15,0
"117","LA_LIGA",15,102,"Villarreal",5,3,"1","10",5,3,15,2
"118","LA_LIGA",15,102,"Villarreal",4,3,"1","10",4,3,15,1
"119","LA_LIGA",15,102,"Villarreal",3,3,"1","10",3,3,15,0
"120","LA_LIGA",15,102,"Villarreal",5,5,"1","10",5,5,15,0
"121","LA_LIGA",15,102,"Villarreal",4,3,"1","10",4,3,15,1
"122","LA_LIGA",15,102,"Villarreal",3,3,"1","10",3,3,15,0
"123","LA_LIGA",15,102,"Villarreal",5,4,"1","10",5,4,15,1
"124","LA_LIGA",15,244,"Real_Betis",4,3,"1","11",4,3,15,1
"125","LA_LIGA",15,244,"Real_Betis",4,4,"1","11",4,4,15,0
"126","LA_LIGA",15,244,"Real_Betis",3,4,"1","11",3,4,15,-1
"127","LA_LIGA",15,244,"Real_Betis",4,4,"1","11",4,4,15,0
"128","LA_LIGA",15,244,"Real_Betis",3,3,"1","11",3,3,15,0
"129","LA_LIGA",15,244,"Real_Betis",3,2,"1","11",3,2,15,1
"130","LA_LIGA",15,244,"Real_Betis",4,3,"1","11",4,3,15,1
"131","LA_LIGA",15,244,"Real_Betis",3,4,"1","11",3,4,15,-1
"132","LA_LIGA",15,244,"Real_Betis",4,3,"1","11",4,3,15,1
"133","LA_LIGA",15,244,"Real_Betis",4,5,"1","11",4,5,15,-1
"134","LA_LIGA",15,244,"Real_Betis",4,3,"1","11",4,3,15,1
"135","LA_LIGA",15,244,"Real_Betis",2,3,"1","11",2,3,15,-1
"136","LA_LIGA",15,244,"Real_Betis",3,3,"1","11",3,3,15,0
"137","LA_LIGA",15,89,"Real_Sociedad",4,4,"1","12",4,4,15,0
"138","LA_LIGA",15,89,"Real_Sociedad",6,3,"1","12",6,3,15,3
"139","LA_LIGA",15,89,"Real_Sociedad",5,3,"1","12",5,3,15,2
"140","LA_LIGA",15,89,"Real_Sociedad",3,5,"1","12",3,5,15,-2
"141","LA_LIGA",15,89,"Real_Sociedad",3,5,"1","12",3,5,15,-2
"142","LA_LIGA",15,89,"Real_Sociedad",3,2,"1","12",3,2,15,1
"143","LA_LIGA",15,89,"Real_Sociedad",3,3,"1","12",3,3,15,0
"144","LA_LIGA",15,89,"Real_Sociedad",3,4,"1","12",3,4,15,-1
"145","LA_LIGA",15,89,"Real_Sociedad",5,3,"1","12",5,3,15,2
"146","LA_LIGA",15,89,"Real_Sociedad",4,5,"1","12",4,5,15,-1
"147","LA_LIGA",15,89,"Real_Sociedad",5,3,"1","12",5,3,15,2
"148","LA_LIGA",15,89,"Real_Sociedad",4,4,"1","12",4,4,15,0
"149","LA_LIGA",15,89,"Real_Sociedad",3,5,"1","12",3,5,15,-2
"150","LA_LIGA",15,89,"Real_Sociedad",4,3,"1","12",4,3,15,1
"151","LA_LIGA",15,98,"Las_Palmas",3,3,"1","13",3,3,15,0
"152","LA_LIGA",15,98,"Las_Palmas",4,3,"1","13",4,3,15,1
"153","LA_LIGA",15,98,"Las_Palmas",4,3,"1","13",4,3,15,1
"154","LA_LIGA",15,98,"Las_Palmas",5,4,"1","13",5,4,15,1
"155","LA_LIGA",15,85,"Celta_Vigo",3,4,"1","14",3,4,15,-1
"156","LA_LIGA",15,85,"Celta_Vigo",4,6,"1","14",4,6,15,-2
"157","LA_LIGA",15,85,"Celta_Vigo",4,3,"1","14",4,3,15,1
"158","LA_LIGA",15,85,"Celta_Vigo",3,4,"1","14",3,4,15,-1
"159","LA_LIGA",15,85,"Celta_Vigo",4,3,"1","14",4,3,15,1
"160","LA_LIGA",15,85,"Celta_Vigo",3,3,"1","14",3,3,15,0
"161","LA_LIGA",15,85,"Celta_Vigo",3,2,"1","14",3,2,15,1
"162","LA_LIGA",15,85,"Celta_Vigo",4,5,"1","14",4,5,15,-1
"163","LA_LIGA",15,85,"Celta_Vigo",6,2,"1","14",6,2,15,4
"164","LA_LIGA",15,85,"Celta_Vigo",4,3,"1","14",4,3,15,1
"165","LA_LIGA",15,85,"Celta_Vigo",4,3,"1","14",4,3,15,1
"166","LA_LIGA",15,93,"Athletic_Bilbao",4,2,"1","15",4,2,15,2
"167","LA_LIGA",15,93,"Athletic_Bilbao",3,3,"1","15",3,3,15,0
"168","LA_LIGA",15,93,"Athletic_Bilbao",4,5,"1","15",4,5,15,-1
"169","LA_LIGA",15,93,"Athletic_Bilbao",4,3,"1","15",4,3,15,1
"170","LA_LIGA",15,93,"Athletic_Bilbao",4,3,"1","15",4,3,15,1
"171","LA_LIGA",15,93,"Athletic_Bilbao",3,3,"1","15",3,3,15,0
"172","LA_LIGA",15,93,"Athletic_Bilbao",4,4,"1","15",4,4,15,0
"173","LA_LIGA",15,93,"Athletic_Bilbao",5,3,"1","15",5,3,15,2
"174","LA_LIGA",15,93,"Athletic_Bilbao",3,3,"1","15",3,3,15,0
"175","LA_LIGA",15,93,"Athletic_Bilbao",4,4,"1","15",4,4,15,0
"176","LA_LIGA",15,93,"Athletic_Bilbao",3,3,"1","15",3,3,15,0
"177","LA_LIGA",15,93,"Athletic_Bilbao",3,3,"1","15",3,3,15,0
"178","LA_LIGA",15,93,"Athletic_Bilbao",3,3,"1","15",3,3,15,0
"179","LA_LIGA",15,93,"Athletic_Bilbao",6,5,"1","15",6,5,15,1
"180","LA_LIGA",15,93,"Athletic_Bilbao",4,3,"1","15",4,3,15,1
"181","LA_LIGA",15,93,"Athletic_Bilbao",5,3,"1","15",5,3,15,2
"182","LA_LIGA",15,93,"Athletic_Bilbao",5,3,"1","15",5,3,15,2
"183","LA_LIGA",15,94,"Valencia",5,2,"1","16",5,2,15,3
"184","LA_LIGA",15,94,"Valencia",4,3,"1","16",4,3,15,1
"185","LA_LIGA",15,94,"Valencia",5,4,"1","16",5,4,15,1
"186","LA_LIGA",15,94,"Valencia",5,6,"1","16",5,6,15,-1
"187","LA_LIGA",15,94,"Valencia",3,5,"1","16",3,5,15,-2
"188","LA_LIGA",15,94,"Valencia",5,3,"1","16",5,3,15,2
"189","LA_LIGA",15,94,"Valencia",4,2,"1","16",4,2,15,2
"190","LA_LIGA",15,94,"Valencia",3,5,"1","16",3,5,15,-2
"191","LA_LIGA",15,94,"Valencia",4,3,"1","16",4,3,15,1
"192","LA_LIGA",15,94,"Valencia",4,4,"1","16",4,4,15,0
"193","LA_LIGA",15,94,"Valencia",5,4,"1","16",5,4,15,1
"194","LA_LIGA",15,94,"Valencia",4,3,"1","16",4,3,15,1
"195","LA_LIGA",15,94,"Valencia",5,4,"1","16",5,4,15,1
"196","LA_LIGA",15,94,"Valencia",5,3,"1","16",5,3,15,2
"197","LA_LIGA",15,94,"Valencia",4,4,"1","16",4,4,15,0
"198","LA_LIGA",15,94,"Valencia",4,5,"1","16",4,5,15,-1
"199","LA_LIGA",15,94,"Valencia",4,3,"1","16",4,3,15,1
"200","LA_LIGA",15,88,"Espanyol",5,3,"1","17",5,3,15,2
"201","LA_LIGA",15,88,"Espanyol",3,2,"1","17",3,2,15,1
"202","LA_LIGA",15,88,"Espanyol",3,4,"1","17",3,4,15,-1
"203","LA_LIGA",15,88,"Espanyol",3,5,"1","17",3,5,15,-2
"204","LA_LIGA",15,88,"Espanyol",4,4,"1","17",4,4,15,0
"205","LA_LIGA",15,88,"Espanyol",5,2,"1","17",5,2,15,3
"206","LA_LIGA",15,88,"Espanyol",3,3,"1","17",3,3,15,0
"207","LA_LIGA",15,88,"Espanyol",3,3,"1","17",3,3,15,0
"208","LA_LIGA",15,88,"Espanyol",3,3,"1","17",3,3,15,0
"209","LA_LIGA",15,88,"Espanyol",3,3,"1","17",3,3,15,0
"210","LA_LIGA",15,88,"Espanyol",4,3,"1","17",4,3,15,1
"211","LA_LIGA",15,88,"Espanyol",5,3,"1","17",5,3,15,2
"212","LA_LIGA",15,88,"Espanyol",3,4,"1","17",3,4,15,-1
"213","LA_LIGA",15,88,"Espanyol",4,4,"1","17",4,4,15,0
"214","LA_LIGA",15,88,"Espanyol",3,3,"1","17",3,3,15,0
"215","LA_LIGA",15,88,"Espanyol",4,4,"1","17",4,4,15,0
"216","LA_LIGA",15,88,"Espanyol",4,4,"1","17",4,4,15,0
"217","LA_LIGA",15,3752,"Eibar",5,3,"1","18",5,3,15,2
"218","LA_LIGA",15,3752,"Eibar",5,4,"1","18",5,4,15,1
"219","LA_LIGA",15,3752,"Eibar",4,4,"1","18",4,4,15,0
"220","LA_LIGA",15,96,"Alaves",4,3,"1","19",4,3,15,1
"221","LA_LIGA",15,96,"Alaves",3,3,"1","19",3,3,15,0
"222","LA_LIGA",15,96,"Alaves",3,3,"1","19",3,3,15,0
"223","LA_LIGA",15,96,"Alaves",3,2,"1","19",3,2,15,1
"224","LA_LIGA",15,96,"Alaves",3,4,"1","19",3,4,15,-1
"225","LA_LIGA",15,99,"Malaga",3,3,"1","20",3,3,15,0
"226","LA_LIGA",15,99,"Malaga",3,2,"1","20",3,2,15,1
"227","LA_LIGA",15,99,"Malaga",4,3,"1","20",4,3,15,1
"228","LA_LIGA",15,99,"Malaga",5,2,"1","20",5,2,15,3
"229","LA_LIGA",15,99,"Malaga",4,6,"1","20",4,6,15,-2
"230","LA_LIGA",15,99,"Malaga",5,4,"1","20",5,4,15,1
"231","LA_LIGA",15,99,"Malaga",4,4,"1","20",4,4,15,0
"232","LA_LIGA",15,99,"Malaga",3,3,"1","20",3,3,15,0
"233","LA_LIGA",15,99,"Malaga",4,5,"1","20",4,5,15,-1
"234","LA_LIGA",15,99,"Malaga",5,3,"1","20",5,3,15,2
"235","LA_LIGA",15,99,"Malaga",4,3,"1","20",4,3,15,1
"236","LA_LIGA",15,99,"Malaga",5,2,"1","20",5,2,15,3
"237","LA_LIGA",15,99,"Malaga",4,2,"1","20",4,2,15,2
"238","LA_LIGA",15,99,"Malaga",4,3,"1","20",4,3,15,1
"239","LA_LIGA",15,99,"Malaga",4,2,"1","20",4,2,15,2
"240","SERIE_A",12,111,"Juventus",4,4,"2","21",4,4,12,0
"241","SERIE_A",12,111,"Juventus",5,4,"2","21",5,4,12,1
"242","SERIE_A",12,111,"Juventus",5,4,"2","21",5,4,12,1
"243","SERIE_A",12,111,"Juventus",5,3,"2","21",5,3,12,2
"244","SERIE_A",12,111,"Juventus",5,3,"2","21",5,3,12,2
"245","SERIE_A",12,111,"Juventus",4,4,"2","21",4,4,12,0
"246","SERIE_A",12,111,"Juventus",5,4,"2","21",5,4,12,1
"247","SERIE_A",12,111,"Juventus",4,4,"2","21",4,4,12,0
"248","SERIE_A",12,111,"Juventus",5,5,"2","21",5,5,12,0
"249","SERIE_A",12,111,"Juventus",4,4,"2","21",4,4,12,0
"250","SERIE_A",12,111,"Juventus",4,5,"2","21",4,5,12,-1
"251","SERIE_A",12,111,"Juventus",4,6,"2","21",4,6,12,-2
"252","SERIE_A",12,111,"Juventus",4,4,"2","21",4,4,12,0
"253","SERIE_A",12,111,"Juventus",7,3,"2","21",7,3,12,4
"254","SERIE_A",12,111,"Juventus",5,4,"2","21",5,4,12,1
"255","SERIE_A",12,111,"Juventus",4,3,"2","21",4,3,12,1
"256","SERIE_A",12,104,"AS_Roma",3,4,"2","22",3,4,12,-1
"257","SERIE_A",12,104,"AS_Roma",5,5,"2","22",5,5,12,0
"258","SERIE_A",12,104,"AS_Roma",4,3,"2","22",4,3,12,1
"259","SERIE_A",12,104,"AS_Roma",6,4,"2","22",6,4,12,2
"260","SERIE_A",12,104,"AS_Roma",5,4,"2","22",5,4,12,1
"261","SERIE_A",12,104,"AS_Roma",4,4,"2","22",4,4,12,0
"262","SERIE_A",12,104,"AS_Roma",7,4,"2","22",7,4,12,3
"263","SERIE_A",12,104,"AS_Roma",4,3,"2","22",4,3,12,1
"264","SERIE_A",12,104,"AS_Roma",4,3,"2","22",4,3,12,1
"265","SERIE_A",12,104,"AS_Roma",4,3,"2","22",4,3,12,1
"266","SERIE_A",12,104,"AS_Roma",4,3,"2","22",4,3,12,1
"267","SERIE_A",12,104,"AS_Roma",5,3,"2","22",5,3,12,2
"268","SERIE_A",12,104,"AS_Roma",4,4,"2","22",4,4,12,0
"269","SERIE_A",12,104,"AS_Roma",5,3,"2","22",5,3,12,2
"270","SERIE_A",12,104,"AS_Roma",4,3,"2","22",4,3,12,1
"271","SERIE_A",12,104,"AS_Roma",5,4,"2","22",5,4,12,1
"272","SERIE_A",12,104,"AS_Roma",4,5,"2","22",4,5,12,-1
"273","SERIE_A",12,114,"Napoli",6,2,"2","23",6,2,12,4
"274","SERIE_A",12,114,"Napoli",3,5,"2","23",3,5,12,-2
"275","SERIE_A",12,114,"Napoli",3,2,"2","23",3,2,12,1
"276","SERIE_A",12,114,"Napoli",3,3,"2","23",3,3,12,0
"277","SERIE_A",12,114,"Napoli",4,4,"2","23",4,4,12,0
"278","SERIE_A",12,114,"Napoli",6,3,"2","23",6,3,12,3
"279","SERIE_A",12,114,"Napoli",5,5,"2","23",5,5,12,0
"280","SERIE_A",12,114,"Napoli",5,5,"2","23",5,5,12,0
"281","SERIE_A",12,114,"Napoli",6,4,"2","23",6,4,12,2
"282","SERIE_A",12,114,"Napoli",6,5,"2","23",6,5,12,1
"283","SERIE_A",12,114,"Napoli",5,7,"2","23",5,7,12,-2
"284","SERIE_A",12,105,"Atalanta",3,4,"2","24",3,4,12,-1
"285","SERIE_A",12,105,"Atalanta",4,3,"2","24",4,3,12,1
"286","SERIE_A",12,105,"Atalanta",2,3,"2","24",2,3,12,-1
"287","SERIE_A",12,105,"Atalanta",3,3,"2","24",3,3,12,0
"288","SERIE_A",12,105,"Atalanta",5,3,"2","24",5,3,12,2
"289","SERIE_A",12,105,"Atalanta",5,3,"2","24",5,3,12,2
"290","SERIE_A",12,105,"Atalanta",4,3,"2","24",4,3,12,1
"291","SERIE_A",12,105,"Atalanta",3,3,"2","24",3,3,12,0
"292","SERIE_A",12,105,"Atalanta",4,3,"2","24",4,3,12,1
"293","SERIE_A",12,105,"Atalanta",3,4,"2","24",3,4,12,-1
"294","SERIE_A",12,105,"Atalanta",3,3,"2","24",3,3,12,0
"295","SERIE_A",12,105,"Atalanta",3,3,"2","24",3,3,12,0
"296","SERIE_A",12,105,"Atalanta",3,2,"2","24",3,2,12,1
"297","SERIE_A",12,105,"Atalanta",3,5,"2","24",3,5,12,-2
"298","SERIE_A",12,112,"Lazio",5,4,"2","25",5,4,12,1
"299","SERIE_A",12,112,"Lazio",5,4,"2","25",5,4,12,1
"300","SERIE_A",12,112,"Lazio",4,3,"2","25",4,3,12,1
"301","SERIE_A",12,112,"Lazio",5,3,"2","25",5,3,12,2
"302","SERIE_A",12,112,"Lazio",3,3,"2","25",3,3,12,0
"303","SERIE_A",12,112,"Lazio",4,4,"2","25",4,4,12,0
"304","SERIE_A",12,112,"Lazio",5,4,"2","25",5,4,12,1
"305","SERIE_A",12,112,"Lazio",3,2,"2","25",3,2,12,1
"306","SERIE_A",12,112,"Lazio",4,4,"2","25",4,4,12,0
"307","SERIE_A",12,112,"Lazio",4,3,"2","25",4,3,12,1
"308","SERIE_A",12,112,"Lazio",4,4,"2","25",4,4,12,0
"309","SERIE_A",12,112,"Lazio",3,3,"2","25",3,3,12,0
"310","SERIE_A",12,112,"Lazio",6,3,"2","25",6,3,12,3
"311","SERIE_A",12,112,"Lazio",3,3,"2","25",3,3,12,0
"312","SERIE_A",12,112,"Lazio",4,4,"2","25",4,4,12,0
"313","SERIE_A",12,112,"Lazio",5,3,"2","25",5,3,12,2
"314","SERIE_A",12,112,"Lazio",7,6,"2","25",7,6,12,1
"315","SERIE_A",12,103,"AC_Milan",4,3,"2","26",4,3,12,1
"316","SERIE_A",12,103,"AC_Milan",5,4,"2","26",5,4,12,1
"317","SERIE_A",12,103,"AC_Milan",6,4,"2","26",6,4,12,2
"318","SERIE_A",12,103,"AC_Milan",5,3,"2","26",5,3,12,2
"319","SERIE_A",12,103,"AC_Milan",6,4,"2","26",6,4,12,2
"320","SERIE_A",12,103,"AC_Milan",5,4,"2","26",5,4,12,1
"321","SERIE_A",12,103,"AC_Milan",3,5,"2","26",3,5,12,-2
"322","SERIE_A",12,103,"AC_Milan",5,5,"2","26",5,5,12,0
"323","SERIE_A",12,103,"AC_Milan",5,5,"2","26",5,5,12,0
"324","SERIE_A",12,103,"AC_Milan",5,3,"2","26",5,3,12,2
"325","SERIE_A",12,103,"AC_Milan",4,3,"2","26",4,3,12,1
"326","SERIE_A",12,103,"AC_Milan",4,4,"2","26",4,4,12,0
"327","SERIE_A",12,103,"AC_Milan",5,4,"2","26",5,4,12,1
"328","SERIE_A",12,103,"AC_Milan",3,3,"2","26",3,3,12,0
"329","SERIE_A",12,103,"AC_Milan",3,5,"2","26",3,5,12,-2
"330","SERIE_A",12,103,"AC_Milan",4,4,"2","26",4,4,12,0
"331","SERIE_A",12,103,"AC_Milan",4,4,"2","26",4,4,12,0
"332","SERIE_A",12,110,"Internazionale",3,3,"2","27",3,3,12,0
"333","SERIE_A",12,110,"Internazionale",4,4,"2","27",4,4,12,0
"334","SERIE_A",12,110,"Internazionale",4,4,"2","27",4,4,12,0
"335","SERIE_A",12,110,"Internazionale",6,3,"2","27",6,3,12,3
"336","SERIE_A",12,110,"Internazionale",5,3,"2","27",5,3,12,2
"337","SERIE_A",12,110,"Internazionale",5,4,"2","27",5,4,12,1
"338","SERIE_A",12,110,"Internazionale",4,5,"2","27",4,5,12,-1
"339","SERIE_A",12,110,"Internazionale",4,4,"2","27",4,4,12,0
"340","SERIE_A",12,110,"Internazionale",4,4,"2","27",4,4,12,0
"341","SERIE_A",12,110,"Internazionale",5,5,"2","27",5,5,12,0
"342","SERIE_A",12,110,"Internazionale",5,3,"2","27",5,3,12,2
"343","SERIE_A",12,110,"Internazionale",5,3,"2","27",5,3,12,2
"344","SERIE_A",12,110,"Internazionale",3,3,"2","27",3,3,12,0
"345","SERIE_A",12,110,"Internazionale",4,7,"2","27",4,7,12,-3
"346","SERIE_A",12,110,"Internazionale",7,4,"2","27",7,4,12,3
"347","SERIE_A",12,110,"Internazionale",4,4,"2","27",4,4,12,0
"348","SERIE_A",12,110,"Internazionale",7,5,"2","27",7,5,12,2
"349","SERIE_A",12,109,"Fiorentina",4,3,"2","28",4,3,12,1
"350","SERIE_A",12,109,"Fiorentina",3,2,"2","28",3,2,12,1
"351","SERIE_A",12,109,"Fiorentina",4,2,"2","28",4,2,12,2
"352","SERIE_A",12,109,"Fiorentina",5,4,"2","28",5,4,12,1
"353","SERIE_A",12,109,"Fiorentina",5,2,"2","28",5,2,12,3
"354","SERIE_A",12,109,"Fiorentina",5,3,"2","28",5,3,12,2
"355","SERIE_A",12,109,"Fiorentina",4,4,"2","28",4,4,12,0
"356","SERIE_A",12,109,"Fiorentina",4,5,"2","28",4,5,12,-1
"357","SERIE_A",12,109,"Fiorentina",5,4,"2","28",5,4,12,1
"358","SERIE_A",12,109,"Fiorentina",3,3,"2","28",3,3,12,0
"359","SERIE_A",12,109,"Fiorentina",4,5,"2","28",4,5,12,-1
"360","SERIE_A",12,109,"Fiorentina",4,5,"2","28",4,5,12,-1
"361","SERIE_A",12,109,"Fiorentina",4,4,"2","28",4,4,12,0
"362","SERIE_A",12,109,"Fiorentina",4,4,"2","28",4,4,12,0
"363","SERIE_A",12,109,"Fiorentina",5,5,"2","28",5,5,12,0
"364","SERIE_A",12,239,"Torino",5,3,"2","29",5,3,12,2
"365","SERIE_A",12,239,"Torino",2,2,"2","29",2,2,12,0
"366","SERIE_A",12,239,"Torino",2,3,"2","29",2,3,12,-1
"367","SERIE_A",12,239,"Torino",4,3,"2","29",4,3,12,1
"368","SERIE_A",12,239,"Torino",3,3,"2","29",3,3,12,0
"369","SERIE_A",12,239,"Torino",3,5,"2","29",3,5,12,-2
"370","SERIE_A",12,239,"Torino",4,3,"2","29",4,3,12,1
"371","SERIE_A",12,239,"Torino",5,3,"2","29",5,3,12,2
"372","SERIE_A",12,239,"Torino",4,5,"2","29",4,5,12,-1
"373","SERIE_A",12,239,"Torino",5,4,"2","29",5,4,12,1
"374","SERIE_A",12,2734,"Sampdoria",3,3,"2","30",3,3,12,0
"375","SERIE_A",12,2734,"Sampdoria",3,4,"2","30",3,4,12,-1
"376","SERIE_A",12,2734,"Sampdoria",4,4,"2","30",4,4,12,0
"377","SERIE_A",12,2734,"Sampdoria",4,2,"2","30",4,2,12,2
"378","SERIE_A",12,2734,"Sampdoria",3,3,"2","30",3,3,12,0
"379","SERIE_A",12,2734,"Sampdoria",5,3,"2","30",5,3,12,2
"380","SERIE_A",12,2734,"Sampdoria",4,3,"2","30",4,3,12,1
"381","SERIE_A",12,2734,"Sampdoria",3,3,"2","30",3,3,12,0
"382","SERIE_A",12,2734,"Sampdoria",6,3,"2","30",6,3,12,3
"383","SERIE_A",12,2734,"Sampdoria",5,3,"2","30",5,3,12,2
"384","SERIE_A",12,2734,"Sampdoria",3,4,"2","30",3,4,12,-1
"385","SERIE_A",12,2734,"Sampdoria",5,3,"2","30",5,3,12,2
"386","SERIE_A",12,2734,"Sampdoria",3,3,"2","30",3,3,12,0
"387","SERIE_A",12,2925,"Cagliari",4,3,"2","31",4,3,12,1
"388","SERIE_A",12,2925,"Cagliari",4,3,"2","31",4,3,12,1
"389","SERIE_A",12,2925,"Cagliari",3,3,"2","31",3,3,12,0
"390","SERIE_A",12,2925,"Cagliari",3,2,"2","31",3,2,12,1
"391","SERIE_A",12,2925,"Cagliari",5,4,"2","31",5,4,12,1
"392","SERIE_A",12,2925,"Cagliari",3,3,"2","31",3,3,12,0
"393","SERIE_A",12,2925,"Cagliari",5,3,"2","31",5,3,12,2
"394","SERIE_A",12,2925,"Cagliari",4,3,"2","31",4,3,12,1
"395","SERIE_A",12,2925,"Cagliari",4,4,"2","31",4,4,12,0
"396","SERIE_A",12,2925,"Cagliari",3,2,"2","31",3,2,12,1
"397","SERIE_A",12,2925,"Cagliari",4,4,"2","31",4,4,12,0
"398","SERIE_A",12,2925,"Cagliari",4,3,"2","31",4,3,12,1
"399","SERIE_A",12,3997,"Sassuolo",4,4,"2","32",4,4,12,0
"400","SERIE_A",12,3997,"Sassuolo",4,3,"2","32",4,3,12,1
"401","SERIE_A",12,3997,"Sassuolo",3,3,"2","32",3,3,12,0
"402","SERIE_A",12,3997,"Sassuolo",6,3,"2","32",6,3,12,3
"403","SERIE_A",12,118,"Udinese",3,2,"2","33",3,2,12,1
"404","SERIE_A",12,118,"Udinese",3,5,"2","33",3,5,12,-2
"405","SERIE_A",12,118,"Udinese",3,2,"2","33",3,2,12,1
"406","SERIE_A",12,118,"Udinese",4,3,"2","33",4,3,12,1
"407","SERIE_A",12,118,"Udinese",4,5,"2","33",4,5,12,-1
"408","SERIE_A",12,118,"Udinese",3,3,"2","33",3,3,12,0
"409","SERIE_A",12,118,"Udinese",4,3,"2","33",4,3,12,1
"410","SERIE_A",12,118,"Udinese",3,3,"2","33",3,3,12,0
"411","SERIE_A",12,118,"Udinese",6,3,"2","33",6,3,12,3
"412","SERIE_A",12,118,"Udinese",4,2,"2","33",4,2,12,2
"413","SERIE_A",12,118,"Udinese",4,7,"2","33",4,7,12,-3
"414","SERIE_A",12,118,"Udinese",4,3,"2","33",4,3,12,1
"415","SERIE_A",12,118,"Udinese",4,5,"2","33",4,5,12,-1
"416","SERIE_A",12,118,"Udinese",5,3,"2","33",5,3,12,2
"417","SERIE_A",12,118,"Udinese",4,3,"2","33",4,3,12,1
"418","SERIE_A",12,118,"Udinese",3,3,"2","33",3,3,12,0
"419","SERIE_A",12,118,"Udinese",4,3,"2","33",4,3,12,1
"420","SERIE_A",12,238,"Chievo_Verona",4,3,"2","34",4,3,12,1
"421","SERIE_A",12,238,"Chievo_Verona",4,4,"2","34",4,4,12,0
"422","SERIE_A",12,238,"Chievo_Verona",4,3,"2","34",4,3,12,1
"423","SERIE_A",12,238,"Chievo_Verona",3,2,"2","34",3,2,12,1
"424","SERIE_A",12,238,"Chievo_Verona",4,3,"2","34",4,3,12,1
"425","SERIE_A",12,238,"Chievo_Verona",3,3,"2","34",3,3,12,0
"426","SERIE_A",12,238,"Chievo_Verona",2,3,"2","34",2,3,12,-1
"427","SERIE_A",12,238,"Chievo_Verona",3,3,"2","34",3,3,12,0
"428","SERIE_A",12,238,"Chievo_Verona",2,3,"2","34",2,3,12,-1
"429","SERIE_A",12,238,"Chievo_Verona",3,4,"2","34",3,4,12,-1
"430","SERIE_A",12,238,"Chievo_Verona",2,4,"2","34",2,4,12,-2
"431","SERIE_A",12,238,"Chievo_Verona",3,4,"2","34",3,4,12,-1
"432","SERIE_A",12,238,"Chievo_Verona",2,2,"2","34",2,2,12,0
"433","SERIE_A",12,238,"Chievo_Verona",5,3,"2","34",5,3,12,2
"434","SERIE_A",12,238,"Chievo_Verona",4,3,"2","34",4,3,12,1
"435","SERIE_A",12,107,"Bologna",3,5,"2","35",3,5,12,-2
"436","SERIE_A",12,107,"Bologna",4,2,"2","35",4,2,12,2
"437","SERIE_A",12,107,"Bologna",3,2,"2","35",3,2,12,1
"438","SERIE_A",12,107,"Bologna",3,3,"2","35",3,3,12,0
"439","SERIE_A",12,107,"Bologna",3,2,"2","35",3,2,12,1
"440","SERIE_A",12,107,"Bologna",5,2,"2","35",5,2,12,3
"441","SERIE_A",12,107,"Bologna",3,4,"2","35",3,4,12,-1
"442","SERIE_A",12,107,"Bologna",3,2,"2","35",3,2,12,1
"443","SERIE_A",12,107,"Bologna",3,3,"2","35",3,3,12,0
"444","SERIE_A",12,107,"Bologna",4,3,"2","35",4,3,12,1
"445","SERIE_A",12,107,"Bologna",3,3,"2","35",3,3,12,0
"446","SERIE_A",12,107,"Bologna",3,2,"2","35",3,2,12,1
"447","SERIE_A",12,107,"Bologna",4,3,"2","35",4,3,12,1
"448","SERIE_A",12,3263,"Genoa",3,5,"2","36",3,5,12,-2
"449","SERIE_A",12,3263,"Genoa",4,3,"2","36",4,3,12,1
"450","SERIE_A",12,3263,"Genoa",5,3,"2","36",5,3,12,2
"451","SERIE_A",12,3263,"Genoa",4,3,"2","36",4,3,12,1
"452","SERIE_A",12,3263,"Genoa",3,4,"2","36",3,4,12,-1
"453","SERIE_A",12,3263,"Genoa",4,2,"2","36",4,2,12,2
"454","SERIE_A",12,3263,"Genoa",3,3,"2","36",3,3,12,0
"455","SERIE_A",12,3263,"Genoa",5,4,"2","36",5,4,12,1
"456","SERIE_A",12,3263,"Genoa",4,3,"2","36",4,3,12,1
"457","SERIE_A",12,3263,"Genoa",3,3,"2","36",3,3,12,0
"458","SERIE_A",12,3173,"Crotone",4,2,"2","37",4,2,12,2
"459","SERIE_A",12,2574,"Empoli",3,2,"2","38",3,2,12,1
"460","SERIE_A",12,2574,"Empoli",1,2,"2","38",1,2,12,-1
"461","SERIE_A",12,2574,"Empoli",3,3,"2","38",3,3,12,0
"462","SERIE_A",12,2574,"Empoli",2,3,"2","38",2,3,12,-1
"463","SERIE_A",12,2574,"Empoli",3,3,"2","38",3,3,12,0
"464","SERIE_A",12,2574,"Empoli",3,3,"2","38",3,3,12,0
"465","SERIE_A",12,2574,"Empoli",3,3,"2","38",3,3,12,0
"466","SERIE_A",12,2574,"Empoli",4,4,"2","38",4,4,12,0
"467","SERIE_A",12,2923,"Palermo",3,3,"2","39",3,3,12,0
"468","SERIE_A",12,2923,"Palermo",4,2,"2","39",4,2,12,2
"469","SERIE_A",12,2923,"Palermo",5,3,"2","39",5,3,12,2
"470","SERIE_A",12,2923,"Palermo",3,4,"2","39",3,4,12,-1
"471","SERIE_A",12,2923,"Palermo",5,2,"2","39",5,2,12,3
"472","SERIE_A",12,2923,"Palermo",3,3,"2","39",3,3,12,0
"473","SERIE_A",12,2923,"Palermo",4,4,"2","39",4,4,12,0
"474","SERIE_A",12,2923,"Palermo",5,4,"2","39",5,4,12,1
"475","SERIE_A",12,2923,"Palermo",4,3,"2","39",4,3,12,1
"476","SERIE_A",12,2923,"Palermo",5,3,"2","39",5,3,12,2
"477","SERIE_A",12,2923,"Palermo",4,2,"2","39",4,2,12,2
"478","SERIE_A",12,2923,"Palermo",2,4,"2","39",2,4,12,-2
"479","SERIE_A",12,3290,"US_Pescara",2,2,"2","40",2,2,12,0
"480","SERIE_A",12,3290,"US_Pescara",5,3,"2","40",5,3,12,2
"481","LIGUE_1",9,174,"AS-Monaco",3,2,"3","41",3,2,9,1
"482","LIGUE_1",9,174,"AS-Monaco",6,4,"3","41",6,4,9,2
"483","LIGUE_1",9,174,"AS-Monaco",4,4,"3","41",4,4,9,0
"484","LIGUE_1",9,174,"AS-Monaco",5,2,"3","41",5,2,9,3
"485","LIGUE_1",9,174,"AS-Monaco",4,3,"3","41",4,3,9,1
"486","LIGUE_1",9,174,"AS-Monaco",3,4,"3","41",3,4,9,-1
"487","LIGUE_1",9,174,"AS-Monaco",3,3,"3","41",3,3,9,0
"488","LIGUE_1",9,174,"AS-Monaco",4,3,"3","41",4,3,9,1
"489","LIGUE_1",9,174,"AS-Monaco",3,4,"3","41",3,4,9,-1
"490","LIGUE_1",9,174,"AS-Monaco",4,4,"3","41",4,4,9,0
"491","LIGUE_1",9,174,"AS-Monaco",4,3,"3","41",4,3,9,1
"492","LIGUE_1",9,174,"AS-Monaco",4,3,"3","41",4,3,9,1
"493","LIGUE_1",9,174,"AS-Monaco",6,7,"3","41",6,7,9,-1
"494","LIGUE_1",9,160,"Paris_Saint_Germain",5,2,"3","42",5,2,9,3
"495","LIGUE_1",9,160,"Paris_Saint_Germain",5,3,"3","42",5,3,9,2
"496","LIGUE_1",9,160,"Paris_Saint_Germain",6,2,"3","42",6,2,9,4
"497","LIGUE_1",9,160,"Paris_Saint_Germain",3,2,"3","42",3,2,9,1
"498","LIGUE_1",9,160,"Paris_Saint_Germain",4,2,"3","42",4,2,9,2
"499","LIGUE_1",9,160,"Paris_Saint_Germain",4,3,"3","42",4,3,9,1
"500","LIGUE_1",9,160,"Paris_Saint_Germain",3,2,"3","42",3,2,9,1
"501","LIGUE_1",9,160,"Paris_Saint_Germain",4,4,"3","42",4,4,9,0
"502","LIGUE_1",9,160,"Paris_Saint_Germain",4,5,"3","42",4,5,9,-1
"503","LIGUE_1",9,160,"Paris_Saint_Germain",4,3,"3","42",4,3,9,1
"504","LIGUE_1",9,160,"Paris_Saint_Germain",6,4,"3","42",6,4,9,2
"505","LIGUE_1",9,160,"Paris_Saint_Germain",4,4,"3","42",4,4,9,0
"506","LIGUE_1",9,160,"Paris_Saint_Germain",5,4,"3","42",5,4,9,1
"507","LIGUE_1",9,160,"Paris_Saint_Germain",6,3,"3","42",6,3,9,3
"508","LIGUE_1",9,160,"Paris_Saint_Germain",6,9,"3","42",6,9,9,-3
"509","LIGUE_1",9,160,"Paris_Saint_Germain",5,6,"3","42",5,6,9,-1
"510","LIGUE_1",9,2502,"Nice",4,3,"3","43",4,3,9,1
"511","LIGUE_1",9,2502,"Nice",4,2,"3","43",4,2,9,2
"512","LIGUE_1",9,2502,"Nice",3,4,"3","43",3,4,9,-1
"513","LIGUE_1",9,2502,"Nice",3,4,"3","43",3,4,9,-1
"514","LIGUE_1",9,2502,"Nice",3,3,"3","43",3,3,9,0
"515","LIGUE_1",9,2502,"Nice",3,2,"3","43",3,2,9,1
"516","LIGUE_1",9,2502,"Nice",4,3,"3","43",4,3,9,1
"517","LIGUE_1",9,2502,"Nice",3,2,"3","43",3,2,9,1
"518","LIGUE_1",9,2502,"Nice",3,4,"3","43",3,4,9,-1
"519","LIGUE_1",9,2502,"Nice",5,4,"3","43",5,4,9,1
"520","LIGUE_1",9,2502,"Nice",4,2,"3","43",4,2,9,2
"521","LIGUE_1",9,2502,"Nice",3,7,"3","43",3,7,9,-4
"522","LIGUE_1",9,2502,"Nice",6,4,"3","43",6,4,9,2
"523","LIGUE_1",9,2502,"Nice",4,4,"3","43",4,4,9,0
"524","LIGUE_1",9,167,"Lyon",4,4,"3","44",4,4,9,0
"525","LIGUE_1",9,167,"Lyon",6,4,"3","44",6,4,9,2
"526","LIGUE_1",9,167,"Lyon",5,4,"3","44",5,4,9,1
"527","LIGUE_1",9,167,"Lyon",5,3,"3","44",5,3,9,2
"528","LIGUE_1",9,167,"Lyon",8,4,"3","44",8,4,9,4
"529","LIGUE_1",9,167,"Lyon",5,5,"3","44",5,5,9,0
"530","LIGUE_1",9,167,"Lyon",3,3,"3","44",3,3,9,0
"531","LIGUE_1",9,167,"Lyon",5,4,"3","44",5,4,9,1
"532","LIGUE_1",9,167,"Lyon",5,4,"3","44",5,4,9,1
"533","LIGUE_1",9,167,"Lyon",4,3,"3","44",4,3,9,1
"534","LIGUE_1",9,167,"Lyon",5,4,"3","44",5,4,9,1
"535","LIGUE_1",9,167,"Lyon",4,3,"3","44",4,3,9,1
"536","LIGUE_1",9,167,"Lyon",5,5,"3","44",5,5,9,0
"537","LIGUE_1",9,167,"Lyon",6,4,"3","44",6,4,9,2
"538","LIGUE_1",9,167,"Lyon",5,6,"3","44",5,6,9,-1
"539","LIGUE_1",9,176,"Marseille",4,2,"3","45",4,2,9,2
"540","LIGUE_1",9,176,"Marseille",4,3,"3","45",4,3,9,1
"541","LIGUE_1",9,176,"Marseille",5,3,"3","45",5,3,9,2
"542","LIGUE_1",9,176,"Marseille",3,3,"3","45",3,3,9,0
"543","LIGUE_1",9,176,"Marseille",6,3,"3","45",6,3,9,3
"544","LIGUE_1",9,176,"Marseille",6,3,"3","45",6,3,9,3
"545","LIGUE_1",9,176,"Marseille",4,4,"3","45",4,4,9,0
"546","LIGUE_1",9,176,"Marseille",5,5,"3","45",5,5,9,0
"547","LIGUE_1",9,176,"Marseille",4,3,"3","45",4,3,9,1
"548","LIGUE_1",9,176,"Marseille",3,3,"3","45",3,3,9,0
"549","LIGUE_1",9,176,"Marseille",3,2,"3","45",3,2,9,1
"550","LIGUE_1",9,176,"Marseille",4,3,"3","45",4,3,9,1
"551","LIGUE_1",9,176,"Marseille",4,6,"3","45",4,6,9,-2
"552","LIGUE_1",9,176,"Marseille",6,3,"3","45",6,3,9,3
"553","LIGUE_1",9,176,"Marseille",5,5,"3","45",5,5,9,0
"554","LIGUE_1",9,159,"Bordeaux",3,2,"3","46",3,2,9,1
"555","LIGUE_1",9,159,"Bordeaux",4,6,"3","46",4,6,9,-2
"556","LIGUE_1",9,159,"Bordeaux",3,3,"3","46",3,3,9,0
"557","LIGUE_1",9,159,"Bordeaux",5,4,"3","46",5,4,9,1
"558","LIGUE_1",9,159,"Bordeaux",3,3,"3","46",3,3,9,0
"559","LIGUE_1",9,159,"Bordeaux",3,2,"3","46",3,2,9,1
"560","LIGUE_1",9,159,"Bordeaux",4,6,"3","46",4,6,9,-2
"561","LIGUE_1",9,159,"Bordeaux",4,4,"3","46",4,4,9,0
"562","LIGUE_1",9,159,"Bordeaux",4,3,"3","46",4,3,9,1
"563","LIGUE_1",9,159,"Bordeaux",3,4,"3","46",3,4,9,-1
"564","LIGUE_1",9,159,"Bordeaux",2,5,"3","46",2,5,9,-3
"565","LIGUE_1",9,159,"Bordeaux",4,4,"3","46",4,4,9,0
"566","LIGUE_1",9,159,"Bordeaux",5,3,"3","46",5,3,9,2
"567","LIGUE_1",9,159,"Bordeaux",4,3,"3","46",4,3,9,1
"568","LIGUE_1",9,159,"Bordeaux",4,4,"3","46",4,4,9,0
"569","LIGUE_1",9,159,"Bordeaux",5,4,"3","46",5,4,9,1
"570","LIGUE_1",9,165,"Nantes",3,2,"3","47",3,2,9,1
"571","LIGUE_1",9,165,"Nantes",4,2,"3","47",4,2,9,2
"572","LIGUE_1",9,165,"Nantes",4,3,"3","47",4,3,9,1
"573","LIGUE_1",9,165,"Nantes",2,2,"3","47",2,2,9,0
"574","LIGUE_1",9,165,"Nantes",4,4,"3","47",4,4,9,0
"575","LIGUE_1",9,165,"Nantes",2,4,"3","47",2,4,9,-2
"576","LIGUE_1",9,165,"Nantes",2,2,"3","47",2,2,9,0
"577","LIGUE_1",9,165,"Nantes",3,6,"3","47",3,6,9,-3
"578","LIGUE_1",9,165,"Nantes",2,2,"3","47",2,2,9,0
"579","LIGUE_1",9,165,"Nantes",3,2,"3","47",3,2,9,1
"580","LIGUE_1",9,165,"Nantes",4,3,"3","47",4,3,9,1
"581","LIGUE_1",9,178,"St_Etienne",5,3,"3","48",5,3,9,2
"582","LIGUE_1",9,178,"St_Etienne",3,2,"3","48",3,2,9,1
"583","LIGUE_1",9,178,"St_Etienne",3,3,"3","48",3,3,9,0
"584","LIGUE_1",9,178,"St_Etienne",4,3,"3","48",4,3,9,1
"585","LIGUE_1",9,178,"St_Etienne",4,4,"3","48",4,4,9,0
"586","LIGUE_1",9,178,"St_Etienne",3,2,"3","48",3,2,9,1
"587","LIGUE_1",9,178,"St_Etienne",3,2,"3","48",3,2,9,1
"588","LIGUE_1",9,178,"St_Etienne",4,4,"3","48",4,4,9,0
"589","LIGUE_1",9,178,"St_Etienne",4,3,"3","48",4,3,9,1
"590","LIGUE_1",9,178,"St_Etienne",4,3,"3","48",4,3,9,1
"591","LIGUE_1",9,178,"St_Etienne",5,3,"3","48",5,3,9,2
"592","LIGUE_1",9,178,"St_Etienne",3,4,"3","48",3,4,9,-1
"593","LIGUE_1",9,178,"St_Etienne",4,3,"3","48",4,3,9,1
"594","LIGUE_1",9,169,"Stade-Rennes",4,3,"3","49",4,3,9,1
"595","LIGUE_1",9,169,"Stade-Rennes",5,3,"3","49",5,3,9,2
"596","LIGUE_1",9,169,"Stade-Rennes",4,4,"3","49",4,4,9,0
"597","LIGUE_1",9,169,"Stade-Rennes",4,2,"3","49",4,2,9,2
"598","LIGUE_1",9,169,"Stade-Rennes",4,4,"3","49",4,4,9,0
"599","LIGUE_1",9,169,"Stade-Rennes",4,3,"3","49",4,3,9,1
"600","LIGUE_1",9,169,"Stade-Rennes",3,3,"3","49",3,3,9,0
"601","LIGUE_1",9,169,"Stade-Rennes",4,3,"3","49",4,3,9,1
"602","LIGUE_1",9,169,"Stade-Rennes",4,4,"3","49",4,4,9,0
"603","LIGUE_1",9,169,"Stade-Rennes",4,3,"3","49",4,3,9,1
"604","LIGUE_1",9,169,"Stade-Rennes",5,6,"3","49",5,6,9,-1
"605","LIGUE_1",9,169,"Stade-Rennes",3,4,"3","49",3,4,9,-1
"606","LIGUE_1",9,169,"Stade-Rennes",3,5,"3","49",3,5,9,-2
"607","LIGUE_1",9,169,"Stade-Rennes",6,3,"3","49",6,3,9,3
"608","LIGUE_1",9,169,"Stade-Rennes",4,5,"3","49",4,5,9,-1
"609","LIGUE_1",9,169,"Stade-Rennes",3,2,"3","49",3,2,9,1
"610","LIGUE_1",9,171,"Guingamp",4,4,"3","50",4,4,9,0
"611","LIGUE_1",9,171,"Guingamp",3,4,"3","50",3,4,9,-1
"612","LIGUE_1",9,171,"Guingamp",4,3,"3","50",4,3,9,1
"613","LIGUE_1",9,171,"Guingamp",5,2,"3","50",5,2,9,3
"614","LIGUE_1",9,171,"Guingamp",5,3,"3","50",5,3,9,2
"615","LIGUE_1",9,171,"Guingamp",4,3,"3","50",4,3,9,1
"616","LIGUE_1",9,171,"Guingamp",5,3,"3","50",5,3,9,2
"617","LIGUE_1",9,166,"Lille",3,4,"3","51",3,4,9,-1
"618","LIGUE_1",9,166,"Lille",3,2,"3","51",3,2,9,1
"619","LIGUE_1",9,166,"Lille",2,3,"3","51",2,3,9,-1
"620","LIGUE_1",9,166,"Lille",8,3,"3","51",8,3,9,5
"621","LIGUE_1",9,166,"Lille",4,3,"3","51",4,3,9,1
"622","LIGUE_1",9,166,"Lille",4,3,"3","51",4,3,9,1
"623","LIGUE_1",9,166,"Lille",5,3,"3","51",5,3,9,2
"624","LIGUE_1",9,166,"Lille",3,2,"3","51",3,2,9,1
"625","LIGUE_1",9,166,"Lille",4,4,"3","51",4,4,9,0
"626","LIGUE_1",9,166,"Lille",6,5,"3","51",6,5,9,1
"627","LIGUE_1",9,166,"Lille",4,3,"3","51",4,3,9,1
"628","LIGUE_1",9,166,"Lille",5,3,"3","51",5,3,9,2
"629","LIGUE_1",9,166,"Lille",3,4,"3","51",3,4,9,-1
"630","LIGUE_1",9,166,"Lille",3,4,"3","51",3,4,9,-1
"631","LIGUE_1",9,166,"Lille",4,4,"3","51",4,4,9,0
"632","LIGUE_1",9,166,"Lille",4,3,"3","51",4,3,9,1
"633","LIGUE_1",9,7868,"Angers",5,3,"3","52",5,3,9,2
"634","LIGUE_1",9,7868,"Angers",3,3,"3","52",3,3,9,0
"635","LIGUE_1",9,179,"Toulouse",3,2,"3","53",3,2,9,1
"636","LIGUE_1",9,179,"Toulouse",3,4,"3","53",3,4,9,-1
"637","LIGUE_1",9,179,"Toulouse",3,4,"3","53",3,4,9,-1
"638","LIGUE_1",9,179,"Toulouse",3,3,"3","53",3,3,9,0
"639","LIGUE_1",9,179,"Toulouse",2,3,"3","53",2,3,9,-1
"640","LIGUE_1",9,179,"Toulouse",4,2,"3","53",4,2,9,2
"641","LIGUE_1",9,179,"Toulouse",4,3,"3","53",4,3,9,1
"642","LIGUE_1",9,179,"Toulouse",3,3,"3","53",3,3,9,0
"643","LIGUE_1",9,179,"Toulouse",3,3,"3","53",3,3,9,0
"644","LIGUE_1",9,179,"Toulouse",4,4,"3","53",4,4,9,0
"645","LIGUE_1",9,179,"Toulouse",5,3,"3","53",5,3,9,2
"646","LIGUE_1",9,179,"Toulouse",3,3,"3","53",3,3,9,0
"647","LIGUE_1",9,179,"Toulouse",4,3,"3","53",4,3,9,1
"648","LIGUE_1",9,179,"Toulouse",4,2,"3","53",4,2,9,2
"649","LIGUE_1",9,177,"Metz",3,2,"3","54",3,2,9,1
"650","LIGUE_1",9,177,"Metz",5,2,"3","54",5,2,9,3
"651","LIGUE_1",9,177,"Metz",3,3,"3","54",3,3,9,0
"652","LIGUE_1",9,177,"Metz",2,3,"3","54",2,3,9,-1
"653","LIGUE_1",9,177,"Metz",4,3,"3","54",4,3,9,1
"654","LIGUE_1",9,177,"Metz",3,1,"3","54",3,1,9,2
"655","LIGUE_1",9,177,"Metz",3,3,"3","54",3,3,9,0
"656","LIGUE_1",9,274,"Montpellier",3,2,"3","55",3,2,9,1
"657","LIGUE_1",9,274,"Montpellier",2,3,"3","55",2,3,9,-1
"658","LIGUE_1",9,274,"Montpellier",4,3,"3","55",4,3,9,1
"659","LIGUE_1",9,274,"Montpellier",3,3,"3","55",3,3,9,0
"660","LIGUE_1",9,274,"Montpellier",3,2,"3","55",3,2,9,1
"661","LIGUE_1",9,274,"Montpellier",5,3,"3","55",5,3,9,2
"662","LIGUE_1",9,274,"Montpellier",4,3,"3","55",4,3,9,1
"663","LIGUE_1",9,274,"Montpellier",5,4,"3","55",5,4,9,1
"664","LIGUE_1",9,274,"Montpellier",4,4,"3","55",4,4,9,0
"665","LIGUE_1",9,274,"Montpellier",4,4,"3","55",4,4,9,0
"666","LIGUE_1",9,274,"Montpellier",4,3,"3","55",4,3,9,1
"667","LIGUE_1",9,3170,"Dijon-FCO",3,3,"3","56",3,3,9,0
"668","LIGUE_1",9,3170,"Dijon-FCO",4,3,"3","56",4,3,9,1
"669","LIGUE_1",9,2927,"Caen",2,3,"3","57",2,3,9,-1
"670","LIGUE_1",9,2927,"Caen",5,4,"3","57",5,4,9,1
"671","LIGUE_1",9,2927,"Caen",3,2,"3","57",3,2,9,1
"672","LIGUE_1",9,2927,"Caen",3,4,"3","57",3,4,9,-1
"673","LIGUE_1",9,2927,"Caen",3,4,"3","57",3,4,9,-1
"674","LIGUE_1",9,2927,"Caen",4,4,"3","57",4,4,9,0
"675","LIGUE_1",9,2927,"Caen",2,4,"3","57",2,4,9,-2
"676","LIGUE_1",9,2927,"Caen",3,2,"3","57",3,2,9,1
"677","LIGUE_1",9,273,"Lorient",6,3,"3","58",6,3,9,3
"678","LIGUE_1",9,273,"Lorient",2,3,"3","58",2,3,9,-1
"679","LIGUE_1",9,273,"Lorient",3,4,"3","58",3,4,9,-1
"680","LIGUE_1",9,273,"Lorient",5,3,"3","58",5,3,9,2
"681","LIGUE_1",9,273,"Lorient",5,3,"3","58",5,3,9,2
"682","LIGUE_1",9,273,"Lorient",3,2,"3","58",3,2,9,1
"683","LIGUE_1",9,273,"Lorient",4,3,"3","58",4,3,9,1
"684","LIGUE_1",9,273,"Lorient",4,4,"3","58",4,4,9,0
"685","LIGUE_1",9,273,"Lorient",4,5,"3","58",4,5,9,-1
"686","LIGUE_1",9,273,"Lorient",4,3,"3","58",4,3,9,1
"687","LIGUE_1",9,273,"Lorient",5,4,"3","58",5,4,9,1
"688","LIGUE_1",9,3267,"AS_Nancy_Lorraine",6,3,"3","59",6,3,9,3
"689","LIGUE_1",9,3267,"AS_Nancy_Lorraine",5,2,"3","59",5,2,9,3
"690","LIGUE_1",9,3267,"AS_Nancy_Lorraine",4,3,"3","59",4,3,9,1
"691","LIGUE_1",9,3267,"AS_Nancy_Lorraine",2,3,"3","59",2,3,9,-1
"692","LIGUE_1",9,3267,"AS_Nancy_Lorraine",5,3,"3","59",5,3,9,2
"693","LIGUE_1",9,3267,"AS_Nancy_Lorraine",4,3,"3","59",4,3,9,1
"694","LIGUE_1",9,3267,"AS_Nancy_Lorraine",3,3,"3","59",3,3,9,0
"695","LIGUE_1",9,3267,"AS_Nancy_Lorraine",3,3,"3","59",3,3,9,0
"696","LIGUE_1",9,3267,"AS_Nancy_Lorraine",4,2,"3","59",4,2,9,2
"697","LIGUE_1",9,173,"Bastia",3,2,"3","60",3,2,9,1
"698","LIGUE_1",9,173,"Bastia",3,2,"3","60",3,2,9,1
"699","LIGUE_1",9,173,"Bastia",4,2,"3","60",4,2,9,2
"700","LIGUE_1",9,173,"Bastia",3,2,"3","60",3,2,9,1
"701","LIGUE_1",9,173,"Bastia",4,4,"3","60",4,4,9,0
"702","LIGUE_1",9,173,"Bastia",4,3,"3","60",4,3,9,1
"703","LIGUE_1",9,173,"Bastia",4,2,"3","60",4,2,9,2
"704","LIGUE_1",9,173,"Bastia",3,2,"3","60",3,2,9,1
"705","LIGUE_1",9,173,"Bastia",2,3,"3","60",2,3,9,-1
"706","BUNDESLIGA",10,132,"Bayern_Munich",6,3,"4","61",6,3,10,3
"707","BUNDESLIGA",10,132,"Bayern_Munich",6,5,"4","61",6,5,10,1
"708","BUNDESLIGA",10,132,"Bayern_Munich",6,6,"4","61",6,6,10,0
"709","BUNDESLIGA",10,132,"Bayern_Munich",5,6,"4","61",5,6,10,-1
"710","BUNDESLIGA",10,132,"Bayern_Munich",6,4,"4","61",6,4,10,2
"711","BUNDESLIGA",10,132,"Bayern_Munich",5,5,"4","61",5,5,10,0
"712","BUNDESLIGA",10,132,"Bayern_Munich",5,4,"4","61",5,4,10,1
"713","BUNDESLIGA",10,132,"Bayern_Munich",5,4,"4","61",5,4,10,1
"714","BUNDESLIGA",10,132,"Bayern_Munich",5,3,"4","61",5,3,10,2
"715","BUNDESLIGA",10,132,"Bayern_Munich",7,5,"4","61",7,5,10,2
"716","BUNDESLIGA",10,132,"Bayern_Munich",6,8,"4","61",6,8,10,-2
"717","BUNDESLIGA",10,132,"Bayern_Munich",7,6,"4","61",7,6,10,1
"718","BUNDESLIGA",10,132,"Bayern_Munich",9,6,"4","61",9,6,10,3
"719","BUNDESLIGA",10,132,"Bayern_Munich",5,7,"4","61",5,7,10,-2
"720","BUNDESLIGA",10,132,"Bayern_Munich",8,6,"4","61",8,6,10,2
"721","BUNDESLIGA",10,132,"Bayern_Munich",5,3,"4","61",5,3,10,2
"722","BUNDESLIGA",10,132,"Bayern_Munich",8,6,"4","61",8,6,10,2
"723","BUNDESLIGA",10,11420,"RB_Leipzig",4,4,"4","62",4,4,10,0
"724","BUNDESLIGA",10,124,"Borussia_Dortmund",6,4,"4","63",6,4,10,2
"725","BUNDESLIGA",10,124,"Borussia_Dortmund",4,5,"4","63",4,5,10,-1
"726","BUNDESLIGA",10,124,"Borussia_Dortmund",4,4,"4","63",4,4,10,0
"727","BUNDESLIGA",10,124,"Borussia_Dortmund",6,4,"4","63",6,4,10,2
"728","BUNDESLIGA",10,124,"Borussia_Dortmund",4,3,"4","63",4,3,10,1
"729","BUNDESLIGA",10,124,"Borussia_Dortmund",3,4,"4","63",3,4,10,-1
"730","BUNDESLIGA",10,124,"Borussia_Dortmund",3,4,"4","63",3,4,10,-1
"731","BUNDESLIGA",10,124,"Borussia_Dortmund",6,3,"4","63",6,3,10,3
"732","BUNDESLIGA",10,124,"Borussia_Dortmund",6,4,"4","63",6,4,10,2
"733","BUNDESLIGA",10,124,"Borussia_Dortmund",4,4,"4","63",4,4,10,0
"734","BUNDESLIGA",10,124,"Borussia_Dortmund",5,4,"4","63",5,4,10,1
"735","BUNDESLIGA",10,124,"Borussia_Dortmund",5,6,"4","63",5,6,10,-1
"736","BUNDESLIGA",10,124,"Borussia_Dortmund",5,6,"4","63",5,6,10,-1
"737","BUNDESLIGA",10,124,"Borussia_Dortmund",6,5,"4","63",6,5,10,1
"738","BUNDESLIGA",10,124,"Borussia_Dortmund",4,3,"4","63",4,3,10,1
"739","BUNDESLIGA",10,124,"Borussia_Dortmund",5,4,"4","63",5,4,10,1
"740","BUNDESLIGA",10,124,"Borussia_Dortmund",6,5,"4","63",6,5,10,1
"741","BUNDESLIGA",10,7911,"TSG_Hoffenheim",4,5,"4","64",4,5,10,-1
"742","BUNDESLIGA",10,7911,"TSG_Hoffenheim",5,4,"4","64",5,4,10,1
"743","BUNDESLIGA",10,7911,"TSG_Hoffenheim",4,4,"4","64",4,4,10,0
"744","BUNDESLIGA",10,7911,"TSG_Hoffenheim",4,4,"4","64",4,4,10,0
"745","BUNDESLIGA",10,7911,"TSG_Hoffenheim",3,3,"4","64",3,3,10,0
"746","BUNDESLIGA",10,7911,"TSG_Hoffenheim",6,5,"4","64",6,5,10,1
"747","BUNDESLIGA",10,7911,"TSG_Hoffenheim",4,5,"4","64",4,5,10,-1
"748","BUNDESLIGA",10,7911,"TSG_Hoffenheim",3,3,"4","64",3,3,10,0
"749","BUNDESLIGA",10,7911,"TSG_Hoffenheim",5,5,"4","64",5,5,10,0
"750","BUNDESLIGA",10,122,"FC_Cologne",5,5,"4","65",5,5,10,0
"751","BUNDESLIGA",10,122,"FC_Cologne",4,3,"4","65",4,3,10,1
"752","BUNDESLIGA",10,122,"FC_Cologne",4,2,"4","65",4,2,10,2
"753","BUNDESLIGA",10,122,"FC_Cologne",4,4,"4","65",4,4,10,0
"754","BUNDESLIGA",10,122,"FC_Cologne",2,3,"4","65",2,3,10,-1
"755","BUNDESLIGA",10,122,"FC_Cologne",3,4,"4","65",3,4,10,-1
"756","BUNDESLIGA",10,122,"FC_Cologne",4,2,"4","65",4,2,10,2
"757","BUNDESLIGA",10,122,"FC_Cologne",4,4,"4","65",4,4,10,0
"758","BUNDESLIGA",10,122,"FC_Cologne",4,4,"4","65",4,4,10,0
"759","BUNDESLIGA",10,122,"FC_Cologne",4,3,"4","65",4,3,10,1
"760","BUNDESLIGA",10,122,"FC_Cologne",4,6,"4","65",4,6,10,-2
"761","BUNDESLIGA",10,129,"Hertha_Berlin",4,4,"4","66",4,4,10,0
"762","BUNDESLIGA",10,129,"Hertha_Berlin",6,3,"4","66",6,3,10,3
"763","BUNDESLIGA",10,129,"Hertha_Berlin",6,3,"4","66",6,3,10,3
"764","BUNDESLIGA",10,129,"Hertha_Berlin",6,3,"4","66",6,3,10,3
"765","BUNDESLIGA",10,129,"Hertha_Berlin",6,3,"4","66",6,3,10,3
"766","BUNDESLIGA",10,129,"Hertha_Berlin",4,3,"4","66",4,3,10,1
"767","BUNDESLIGA",10,129,"Hertha_Berlin",4,4,"4","66",4,4,10,0
"768","BUNDESLIGA",10,129,"Hertha_Berlin",3,3,"4","66",3,3,10,0
"769","BUNDESLIGA",10,129,"Hertha_Berlin",4,3,"4","66",4,3,10,1
"770","BUNDESLIGA",10,129,"Hertha_Berlin",2,5,"4","66",2,5,10,-3
"771","BUNDESLIGA",10,129,"Hertha_Berlin",3,3,"4","66",3,3,10,0
"772","BUNDESLIGA",10,129,"Hertha_Berlin",6,3,"4","66",6,3,10,3
"773","BUNDESLIGA",10,129,"Hertha_Berlin",3,4,"4","66",3,4,10,-1
"774","BUNDESLIGA",10,129,"Hertha_Berlin",3,4,"4","66",3,4,10,-1
"775","BUNDESLIGA",10,129,"Hertha_Berlin",3,3,"4","66",3,3,10,0
"776","BUNDESLIGA",10,126,"SC_Freiburg",5,2,"4","67",5,2,10,3
"777","BUNDESLIGA",10,126,"SC_Freiburg",4,2,"4","67",4,2,10,2
"778","BUNDESLIGA",10,126,"SC_Freiburg",4,2,"4","67",4,2,10,2
"779","BUNDESLIGA",10,126,"SC_Freiburg",2,2,"4","67",2,2,10,0
"780","BUNDESLIGA",10,126,"SC_Freiburg",3,4,"4","67",3,4,10,-1
"781","BUNDESLIGA",10,126,"SC_Freiburg",3,2,"4","67",3,2,10,1
"782","BUNDESLIGA",10,126,"SC_Freiburg",4,3,"4","67",4,3,10,1
"783","BUNDESLIGA",10,126,"SC_Freiburg",5,3,"4","67",5,3,10,2
"784","BUNDESLIGA",10,126,"SC_Freiburg",4,4,"4","67",4,4,10,0
"785","BUNDESLIGA",10,126,"SC_Freiburg",4,3,"4","67",4,3,10,1
"786","BUNDESLIGA",10,126,"SC_Freiburg",3,3,"4","67",3,3,10,0
"787","BUNDESLIGA",10,137,"Werder_Bremen",4,4,"4","68",4,4,10,0
"788","BUNDESLIGA",10,137,"Werder_Bremen",5,4,"4","68",5,4,10,1
"789","BUNDESLIGA",10,137,"Werder_Bremen",6,5,"4","68",6,5,10,1
"790","BUNDESLIGA",10,137,"Werder_Bremen",4,6,"4","68",4,6,10,-2
"791","BUNDESLIGA",10,137,"Werder_Bremen",6,5,"4","68",6,5,10,1
"792","BUNDESLIGA",10,137,"Werder_Bremen",3,6,"4","68",3,6,10,-3
"793","BUNDESLIGA",10,137,"Werder_Bremen",8,3,"4","68",8,3,10,5
"794","BUNDESLIGA",10,137,"Werder_Bremen",5,5,"4","68",5,5,10,0
"795","BUNDESLIGA",10,137,"Werder_Bremen",4,6,"4","68",4,6,10,-2
"796","BUNDESLIGA",10,137,"Werder_Bremen",4,4,"4","68",4,4,10,0
"797","BUNDESLIGA",10,137,"Werder_Bremen",5,3,"4","68",5,3,10,2
"798","BUNDESLIGA",10,137,"Werder_Bremen",4,4,"4","68",4,4,10,0
"799","BUNDESLIGA",10,137,"Werder_Bremen",3,4,"4","68",3,4,10,-1
"800","BUNDESLIGA",10,137,"Werder_Bremen",4,3,"4","68",4,3,10,1
"801","BUNDESLIGA",10,137,"Werder_Bremen",6,4,"4","68",6,4,10,2
"802","BUNDESLIGA",10,137,"Werder_Bremen",3,5,"4","68",3,5,10,-2
"803","BUNDESLIGA",10,268,"Borussia_Monchengladbach",4,3,"4","69",4,3,10,1
"804","BUNDESLIGA",10,268,"Borussia_Monchengladbach",4,2,"4","69",4,2,10,2
"805","BUNDESLIGA",10,268,"Borussia_Monchengladbach",3,3,"4","69",3,3,10,0
"806","BUNDESLIGA",10,268,"Borussia_Monchengladbach",3,2,"4","69",3,2,10,1
"807","BUNDESLIGA",10,268,"Borussia_Monchengladbach",4,2,"4","69",4,2,10,2
"808","BUNDESLIGA",10,268,"Borussia_Monchengladbach",3,2,"4","69",3,2,10,1
"809","BUNDESLIGA",10,268,"Borussia_Monchengladbach",4,4,"4","69",4,4,10,0
"810","BUNDESLIGA",10,268,"Borussia_Monchengladbach",5,3,"4","69",5,3,10,2
"811","BUNDESLIGA",10,268,"Borussia_Monchengladbach",5,6,"4","69",5,6,10,-1
"812","BUNDESLIGA",10,268,"Borussia_Monchengladbach",5,3,"4","69",5,3,10,2
"813","BUNDESLIGA",10,268,"Borussia_Monchengladbach",3,4,"4","69",3,4,10,-1
"814","BUNDESLIGA",10,268,"Borussia_Monchengladbach",4,2,"4","69",4,2,10,2
"815","BUNDESLIGA",10,268,"Borussia_Monchengladbach",4,4,"4","69",4,4,10,0
"816","BUNDESLIGA",10,268,"Borussia_Monchengladbach",5,5,"4","69",5,5,10,0
"817","BUNDESLIGA",10,268,"Borussia_Monchengladbach",4,3,"4","69",4,3,10,1
"818","BUNDESLIGA",10,133,"Schalke_04",4,4,"4","70",4,4,10,0
"819","BUNDESLIGA",10,133,"Schalke_04",5,3,"4","70",5,3,10,2
"820","BUNDESLIGA",10,133,"Schalke_04",3,3,"4","70",3,3,10,0
"821","BUNDESLIGA",10,133,"Schalke_04",4,3,"4","70",4,3,10,1
"822","BUNDESLIGA",10,133,"Schalke_04",4,3,"4","70",4,3,10,1
"823","BUNDESLIGA",10,133,"Schalke_04",7,2,"4","70",7,2,10,5
"824","BUNDESLIGA",10,133,"Schalke_04",4,4,"4","70",4,4,10,0
"825","BUNDESLIGA",10,133,"Schalke_04",5,3,"4","70",5,3,10,2
"826","BUNDESLIGA",10,133,"Schalke_04",4,3,"4","70",4,3,10,1
"827","BUNDESLIGA",10,133,"Schalke_04",3,4,"4","70",3,4,10,-1
"828","BUNDESLIGA",10,133,"Schalke_04",4,2,"4","70",4,2,10,2
"829","BUNDESLIGA",10,133,"Schalke_04",5,4,"4","70",5,4,10,1
"830","BUNDESLIGA",10,133,"Schalke_04",5,4,"4","70",5,4,10,1
"831","BUNDESLIGA",10,133,"Schalke_04",4,3,"4","70",4,3,10,1
"832","BUNDESLIGA",10,133,"Schalke_04",4,4,"4","70",4,4,10,0
"833","BUNDESLIGA",10,133,"Schalke_04",3,4,"4","70",3,4,10,-1
"834","BUNDESLIGA",10,133,"Schalke_04",4,4,"4","70",4,4,10,0
"835","BUNDESLIGA",10,125,"Eintracht_Frankfurt",3,2,"4","71",3,2,10,1
"836","BUNDESLIGA",10,125,"Eintracht_Frankfurt",3,2,"4","71",3,2,10,1
"837","BUNDESLIGA",10,125,"Eintracht_Frankfurt",6,3,"4","71",6,3,10,3
"838","BUNDESLIGA",10,125,"Eintracht_Frankfurt",4,4,"4","71",4,4,10,0
"839","BUNDESLIGA",10,125,"Eintracht_Frankfurt",4,3,"4","71",4,3,10,1
"840","BUNDESLIGA",10,125,"Eintracht_Frankfurt",4,3,"4","71",4,3,10,1
"841","BUNDESLIGA",10,125,"Eintracht_Frankfurt",3,3,"4","71",3,3,10,0
"842","BUNDESLIGA",10,125,"Eintracht_Frankfurt",3,4,"4","71",3,4,10,-1
"843","BUNDESLIGA",10,125,"Eintracht_Frankfurt",4,4,"4","71",4,4,10,0
"844","BUNDESLIGA",10,125,"Eintracht_Frankfurt",3,5,"4","71",3,5,10,-2
"845","BUNDESLIGA",10,125,"Eintracht_Frankfurt",5,3,"4","71",5,3,10,2
"846","BUNDESLIGA",10,125,"Eintracht_Frankfurt",6,4,"4","71",6,4,10,2
"847","BUNDESLIGA",10,125,"Eintracht_Frankfurt",3,3,"4","71",3,3,10,0
"848","BUNDESLIGA",10,131,"Bayer_Leverkusen",4,3,"4","72",4,3,10,1
"849","BUNDESLIGA",10,131,"Bayer_Leverkusen",5,4,"4","72",5,4,10,1
"850","BUNDESLIGA",10,131,"Bayer_Leverkusen",4,3,"4","72",4,3,10,1
"851","BUNDESLIGA",10,131,"Bayer_Leverkusen",6,6,"4","72",6,6,10,0
"852","BUNDESLIGA",10,131,"Bayer_Leverkusen",5,4,"4","72",5,4,10,1
"853","BUNDESLIGA",10,131,"Bayer_Leverkusen",5,5,"4","72",5,5,10,0
"854","BUNDESLIGA",10,131,"Bayer_Leverkusen",3,3,"4","72",3,3,10,0
"855","BUNDESLIGA",10,131,"Bayer_Leverkusen",4,3,"4","72",4,3,10,1
"856","BUNDESLIGA",10,131,"Bayer_Leverkusen",5,4,"4","72",5,4,10,1
"857","BUNDESLIGA",10,131,"Bayer_Leverkusen",4,5,"4","72",4,5,10,-1
"858","BUNDESLIGA",10,131,"Bayer_Leverkusen",4,4,"4","72",4,4,10,0
"859","BUNDESLIGA",10,131,"Bayer_Leverkusen",4,4,"4","72",4,4,10,0
"860","BUNDESLIGA",10,131,"Bayer_Leverkusen",5,4,"4","72",5,4,10,1
"861","BUNDESLIGA",10,131,"Bayer_Leverkusen",5,4,"4","72",5,4,10,1
"862","BUNDESLIGA",10,131,"Bayer_Leverkusen",5,3,"4","72",5,3,10,2
"863","BUNDESLIGA",10,131,"Bayer_Leverkusen",5,3,"4","72",5,3,10,2
"864","BUNDESLIGA",10,131,"Bayer_Leverkusen",3,6,"4","72",3,6,10,-3
"865","BUNDESLIGA",10,3841,"FC_Augsburg",3,2,"4","73",3,2,10,1
"866","BUNDESLIGA",10,3841,"FC_Augsburg",3,3,"4","73",3,3,10,0
"867","BUNDESLIGA",10,3841,"FC_Augsburg",4,4,"4","73",4,4,10,0
"868","BUNDESLIGA",10,3841,"FC_Augsburg",4,3,"4","73",4,3,10,1
"869","BUNDESLIGA",10,3841,"FC_Augsburg",3,4,"4","73",3,4,10,-1
"870","BUNDESLIGA",10,3841,"FC_Augsburg",4,2,"4","73",4,2,10,2
"871","BUNDESLIGA",10,127,"Hamburg_SV",5,3,"4","74",5,3,10,2
"872","BUNDESLIGA",10,127,"Hamburg_SV",5,4,"4","74",5,4,10,1
"873","BUNDESLIGA",10,127,"Hamburg_SV",4,3,"4","74",4,3,10,1
"874","BUNDESLIGA",10,127,"Hamburg_SV",4,3,"4","74",4,3,10,1
"875","BUNDESLIGA",10,127,"Hamburg_SV",4,6,"4","74",4,6,10,-2
"876","BUNDESLIGA",10,127,"Hamburg_SV",3,3,"4","74",3,3,10,0
"877","BUNDESLIGA",10,127,"Hamburg_SV",4,3,"4","74",4,3,10,1
"878","BUNDESLIGA",10,127,"Hamburg_SV",7,3,"4","74",7,3,10,4
"879","BUNDESLIGA",10,127,"Hamburg_SV",3,4,"4","74",3,4,10,-1
"880","BUNDESLIGA",10,127,"Hamburg_SV",4,4,"4","74",4,4,10,0
"881","BUNDESLIGA",10,127,"Hamburg_SV",6,3,"4","74",6,3,10,3
"882","BUNDESLIGA",10,127,"Hamburg_SV",3,2,"4","74",3,2,10,1
"883","BUNDESLIGA",10,127,"Hamburg_SV",3,4,"4","74",3,4,10,-1
"884","BUNDESLIGA",10,127,"Hamburg_SV",4,5,"4","74",4,5,10,-1
"885","BUNDESLIGA",10,127,"Hamburg_SV",3,3,"4","74",3,3,10,0
"886","BUNDESLIGA",10,127,"Hamburg_SV",3,3,"4","74",3,3,10,0
"887","BUNDESLIGA",10,127,"Hamburg_SV",2,3,"4","74",2,3,10,-1
"888","BUNDESLIGA",10,2950,"Mainz",5,6,"4","75",5,6,10,-1
"889","BUNDESLIGA",10,2950,"Mainz",5,3,"4","75",5,3,10,2
"890","BUNDESLIGA",10,2950,"Mainz",4,2,"4","75",4,2,10,2
"891","BUNDESLIGA",10,2950,"Mainz",3,3,"4","75",3,3,10,0
"892","BUNDESLIGA",10,2950,"Mainz",4,4,"4","75",4,4,10,0
"893","BUNDESLIGA",10,2950,"Mainz",4,3,"4","75",4,3,10,1
"894","BUNDESLIGA",10,2950,"Mainz",3,3,"4","75",3,3,10,0
"895","BUNDESLIGA",10,2950,"Mainz",3,4,"4","75",3,4,10,-1
"896","BUNDESLIGA",10,2950,"Mainz",5,3,"4","75",5,3,10,2
"897","BUNDESLIGA",10,2950,"Mainz",4,3,"4","75",4,3,10,1
"898","BUNDESLIGA",10,2950,"Mainz",4,3,"4","75",4,3,10,1
"899","BUNDESLIGA",10,138,"Vfl_Wolfsburg",6,3,"4","76",6,3,10,3
"900","BUNDESLIGA",10,138,"Vfl_Wolfsburg",5,4,"4","76",5,4,10,1
"901","BUNDESLIGA",10,138,"Vfl_Wolfsburg",3,2,"4","76",3,2,10,1
"902","BUNDESLIGA",10,138,"Vfl_Wolfsburg",5,3,"4","76",5,3,10,2
"903","BUNDESLIGA",10,138,"Vfl_Wolfsburg",5,2,"4","76",5,2,10,3
"904","BUNDESLIGA",10,138,"Vfl_Wolfsburg",2,4,"4","76",2,4,10,-2
"905","BUNDESLIGA",10,138,"Vfl_Wolfsburg",3,2,"4","76",3,2,10,1
"906","BUNDESLIGA",10,138,"Vfl_Wolfsburg",4,4,"4","76",4,4,10,0
"907","BUNDESLIGA",10,138,"Vfl_Wolfsburg",5,5,"4","76",5,5,10,0
"908","BUNDESLIGA",10,138,"Vfl_Wolfsburg",4,4,"4","76",4,4,10,0
"909","BUNDESLIGA",10,138,"Vfl_Wolfsburg",4,3,"4","76",4,3,10,1
"910","BUNDESLIGA",10,138,"Vfl_Wolfsburg",4,4,"4","76",4,4,10,0
"911","BUNDESLIGA",10,138,"Vfl_Wolfsburg",3,5,"4","76",3,5,10,-2
"912","BUNDESLIGA",10,138,"Vfl_Wolfsburg",4,3,"4","76",4,3,10,1
"913","BUNDESLIGA",10,138,"Vfl_Wolfsburg",4,5,"4","76",4,5,10,-1
"914","BUNDESLIGA",10,138,"Vfl_Wolfsburg",6,4,"4","76",6,4,10,2
"915","BUNDESLIGA",10,138,"Vfl_Wolfsburg",3,3,"4","76",3,3,10,0
"916","BUNDESLIGA",10,6367,"FC_Ingolstadt_04",3,2,"4","77",3,2,10,1
"917","BUNDESLIGA",10,6367,"FC_Ingolstadt_04",3,3,"4","77",3,3,10,0
"918","BUNDESLIGA",10,3812,"SV_Darmstadt_98",2,2,"4","78",2,2,10,0
"919","BUNDESLIGA",10,3812,"SV_Darmstadt_98",3,2,"4","78",3,2,10,1
"920","EPL",23,363,"Chelsea",5,3,"5","79",5,3,23,2
"921","EPL",23,363,"Chelsea",5,3,"5","79",5,3,23,2
"922","EPL",23,363,"Chelsea",5,5,"5","79",5,5,23,0
"923","EPL",23,363,"Chelsea",4,4,"5","79",4,4,23,0
"924","EPL",23,363,"Chelsea",5,4,"5","79",5,4,23,1
"925","EPL",23,363,"Chelsea",4,4,"5","79",4,4,23,0
"926","EPL",23,363,"Chelsea",6,4,"5","79",6,4,23,2
"927","EPL",23,363,"Chelsea",5,5,"5","79",5,5,23,0
"928","EPL",23,363,"Chelsea",8,5,"5","79",8,5,23,3
"929","EPL",23,363,"Chelsea",6,6,"5","79",6,6,23,0
"930","EPL",23,363,"Chelsea",6,5,"5","79",6,5,23,1
"931","EPL",23,363,"Chelsea",8,4,"5","79",8,4,23,4
"932","EPL",23,363,"Chelsea",6,4,"5","79",6,4,23,2
"933","EPL",23,363,"Chelsea",4,6,"5","79",4,6,23,-2
"934","EPL",23,363,"Chelsea",5,4,"5","79",5,4,23,1
"935","EPL",23,363,"Chelsea",5,3,"5","79",5,3,23,2
"936","EPL",23,367,"Tottenham_Hotspur",4,2,"5","80",4,2,23,2
"937","EPL",23,367,"Tottenham_Hotspur",4,3,"5","80",4,3,23,1
"938","EPL",23,367,"Tottenham_Hotspur",5,4,"5","80",5,4,23,1
"939","EPL",23,367,"Tottenham_Hotspur",5,2,"5","80",5,2,23,3
"940","EPL",23,367,"Tottenham_Hotspur",3,3,"5","80",3,3,23,0
"941","EPL",23,367,"Tottenham_Hotspur",5,4,"5","80",5,4,23,1
"942","EPL",23,367,"Tottenham_Hotspur",6,3,"5","80",6,3,23,3
"943","EPL",23,367,"Tottenham_Hotspur",4,4,"5","80",4,4,23,0
"944","EPL",23,367,"Tottenham_Hotspur",9,5,"5","80",9,5,23,4
"945","EPL",23,367,"Tottenham_Hotspur",4,3,"5","80",4,3,23,1
"946","EPL",23,367,"Tottenham_Hotspur",5,4,"5","80",5,4,23,1
"947","EPL",23,367,"Tottenham_Hotspur",3,4,"5","80",3,4,23,-1
"948","EPL",23,367,"Tottenham_Hotspur",5,4,"5","80",5,4,23,1
"949","EPL",23,367,"Tottenham_Hotspur",5,3,"5","80",5,3,23,2
"950","EPL",23,367,"Tottenham_Hotspur",4,5,"5","80",4,5,23,-1
"951","EPL",23,367,"Tottenham_Hotspur",5,7,"5","80",5,7,23,-2
"952","EPL",23,382,"Manchester_City",4,3,"5","81",4,3,23,1
"953","EPL",23,382,"Manchester_City",6,3,"5","81",6,3,23,3
"954","EPL",23,382,"Manchester_City",4,3,"5","81",4,3,23,1
"955","EPL",23,382,"Manchester_City",4,5,"5","81",4,5,23,-1
"956","EPL",23,382,"Manchester_City",3,3,"5","81",3,3,23,0
"957","EPL",23,382,"Manchester_City",4,3,"5","81",4,3,23,1
"958","EPL",23,382,"Manchester_City",6,3,"5","81",6,3,23,3
"959","EPL",23,382,"Manchester_City",5,6,"5","81",5,6,23,-1
"960","EPL",23,382,"Manchester_City",5,4,"5","81",5,4,23,1
"961","EPL",23,382,"Manchester_City",5,6,"5","81",5,6,23,-1
"962","EPL",23,382,"Manchester_City",5,4,"5","81",5,4,23,1
"963","EPL",23,382,"Manchester_City",7,5,"5","81",7,5,23,2
"964","EPL",23,382,"Manchester_City",6,4,"5","81",6,4,23,2
"965","EPL",23,382,"Manchester_City",6,4,"5","81",6,4,23,2
"966","EPL",23,382,"Manchester_City",5,5,"5","81",5,5,23,0
"967","EPL",23,364,"Liverpool",5,6,"5","82",5,6,23,-1
"968","EPL",23,364,"Liverpool",3,6,"5","82",3,6,23,-3
"969","EPL",23,364,"Liverpool",4,3,"5","82",4,3,23,1
"970","EPL",23,364,"Liverpool",3,5,"5","82",3,5,23,-2
"971","EPL",23,364,"Liverpool",5,3,"5","82",5,3,23,2
"972","EPL",23,364,"Liverpool",4,4,"5","82",4,4,23,0
"973","EPL",23,364,"Liverpool",6,3,"5","82",6,3,23,3
"974","EPL",23,364,"Liverpool",5,5,"5","82",5,5,23,0
"975","EPL",23,364,"Liverpool",6,4,"5","82",6,4,23,2
"976","EPL",23,364,"Liverpool",5,5,"5","82",5,5,23,0
"977","EPL",23,364,"Liverpool",4,3,"5","82",4,3,23,1
"978","EPL",23,364,"Liverpool",5,6,"5","82",5,6,23,-1
"979","EPL",23,364,"Liverpool",5,6,"5","82",5,6,23,-1
"980","EPL",23,364,"Liverpool",4,3,"5","82",4,3,23,1
"981","EPL",23,364,"Liverpool",4,6,"5","82",4,6,23,-2
"982","EPL",23,364,"Liverpool",6,4,"5","82",6,4,23,2
"983","EPL",23,359,"Arsenal",4,4,"5","83",4,4,23,0
"984","EPL",23,359,"Arsenal",6,5,"5","83",6,5,23,1
"985","EPL",23,359,"Arsenal",7,5,"5","83",7,5,23,2
"986","EPL",23,359,"Arsenal",7,4,"5","83",7,4,23,3
"987","EPL",23,359,"Arsenal",6,4,"5","83",6,4,23,2
"988","EPL",23,359,"Arsenal",5,6,"5","83",5,6,23,-1
"989","EPL",23,359,"Arsenal",4,4,"5","83",4,4,23,0
"990","EPL",23,359,"Arsenal",6,6,"5","83",6,6,23,0
"991","EPL",23,359,"Arsenal",6,4,"5","83",6,4,23,2
"992","EPL",23,359,"Arsenal",7,5,"5","83",7,5,23,2
"993","EPL",23,359,"Arsenal",7,5,"5","83",7,5,23,2
"994","EPL",23,359,"Arsenal",4,3,"5","83",4,3,23,1
"995","EPL",23,359,"Arsenal",5,3,"5","83",5,3,23,2
"996","EPL",23,359,"Arsenal",4,5,"5","83",4,5,23,-1
"997","EPL",23,359,"Arsenal",3,5,"5","83",3,5,23,-2
"998","EPL",23,360,"Manchester_United",6,5,"5","84",6,5,23,1
"999","EPL",23,360,"Manchester_United",5,6,"5","84",5,6,23,-1
"1000","EPL",23,360,"Manchester_United",4,4,"5","84",4,4,23,0
"1001","EPL",23,360,"Manchester_United",5,4,"5","84",5,4,23,1
"1002","EPL",23,360,"Manchester_United",4,3,"5","84",4,3,23,1
"1003","EPL",23,360,"Manchester_United",5,4,"5","84",5,4,23,1
"1004","EPL",23,360,"Manchester_United",6,5,"5","84",6,5,23,1
"1005","EPL",23,360,"Manchester_United",5,5,"5","84",5,5,23,0
"1006","EPL",23,360,"Manchester_United",5,5,"5","84",5,5,23,0
"1007","EPL",23,360,"Manchester_United",7,4,"5","84",7,4,23,3
"1008","EPL",23,360,"Manchester_United",8,5,"5","84",8,5,23,3
"1009","EPL",23,360,"Manchester_United",4,5,"5","84",4,5,23,-1
"1010","EPL",23,360,"Manchester_United",4,4,"5","84",4,4,23,0
"1011","EPL",23,360,"Manchester_United",4,3,"5","84",4,3,23,1
"1012","EPL",23,360,"Manchester_United",3,3,"5","84",3,3,23,0
"1013","EPL",23,360,"Manchester_United",4,3,"5","84",4,3,23,1
"1014","EPL",23,368,"Everton",5,4,"5","85",5,4,23,1
"1015","EPL",23,368,"Everton",2,3,"5","85",2,3,23,-1
"1016","EPL",23,368,"Everton",4,3,"5","85",4,3,23,1
"1017","EPL",23,368,"Everton",4,3,"5","85",4,3,23,1
"1018","EPL",23,368,"Everton",4,2,"5","85",4,2,23,2
"1019","EPL",23,368,"Everton",4,3,"5","85",4,3,23,1
"1020","EPL",23,368,"Everton",7,3,"5","85",7,3,23,4
"1021","EPL",23,368,"Everton",4,3,"5","85",4,3,23,1
"1022","EPL",23,368,"Everton",5,3,"5","85",5,3,23,2
"1023","EPL",23,368,"Everton",5,3,"5","85",5,3,23,2
"1024","EPL",23,368,"Everton",4,4,"5","85",4,4,23,0
"1025","EPL",23,368,"Everton",3,3,"5","85",3,3,23,0
"1026","EPL",23,368,"Everton",4,3,"5","85",4,3,23,1
"1027","EPL",23,368,"Everton",3,3,"5","85",3,3,23,0
"1028","EPL",23,368,"Everton",6,3,"5","85",6,3,23,3
"1029","EPL",23,368,"Everton",6,3,"5","85",6,3,23,3
"1030","EPL",23,376,"Southampton",3,4,"5","86",3,4,23,-1
"1031","EPL",23,376,"Southampton",4,2,"5","86",4,2,23,2
"1032","EPL",23,376,"Southampton",3,4,"5","86",3,4,23,-1
"1033","EPL",23,376,"Southampton",4,3,"5","86",4,3,23,1
"1034","EPL",23,376,"Southampton",4,3,"5","86",4,3,23,1
"1035","EPL",23,376,"Southampton",4,3,"5","86",4,3,23,1
"1036","EPL",23,376,"Southampton",8,3,"5","86",8,3,23,5
"1037","EPL",23,376,"Southampton",4,4,"5","86",4,4,23,0
"1038","EPL",23,376,"Southampton",3,4,"5","86",3,4,23,-1
"1039","EPL",23,349,"AFC_Bournemouth",3,4,"5","87",3,4,23,-1
"1040","EPL",23,349,"AFC_Bournemouth",6,3,"5","87",6,3,23,3
"1041","EPL",23,383,"West_Bromwich_Albion",2,2,"5","88",2,2,23,0
"1042","EPL",23,383,"West_Bromwich_Albion",2,4,"5","88",2,4,23,-2
"1043","EPL",23,383,"West_Bromwich_Albion",4,2,"5","88",4,2,23,2
"1044","EPL",23,383,"West_Bromwich_Albion",3,2,"5","88",3,2,23,1
"1045","EPL",23,383,"West_Bromwich_Albion",3,4,"5","88",3,4,23,-1
"1046","EPL",23,383,"West_Bromwich_Albion",4,5,"5","88",4,5,23,-1
"1047","EPL",23,383,"West_Bromwich_Albion",5,4,"5","88",5,4,23,1
"1048","EPL",23,383,"West_Bromwich_Albion",3,3,"5","88",3,3,23,0
"1049","EPL",23,383,"West_Bromwich_Albion",4,2,"5","88",4,2,23,2
"1050","EPL",23,383,"West_Bromwich_Albion",3,2,"5","88",3,2,23,1
"1051","EPL",23,383,"West_Bromwich_Albion",4,2,"5","88",4,2,23,2
"1052","EPL",23,371,"West_Ham_United",4,4,"5","89",4,4,23,0
"1053","EPL",23,371,"West_Ham_United",3,3,"5","89",3,3,23,0
"1054","EPL",23,371,"West_Ham_United",4,3,"5","89",4,3,23,1
"1055","EPL",23,371,"West_Ham_United",3,3,"5","89",3,3,23,0
"1056","EPL",23,371,"West_Ham_United",3,5,"5","89",3,5,23,-2
"1057","EPL",23,371,"West_Ham_United",4,4,"5","89",4,4,23,0
"1058","EPL",23,371,"West_Ham_United",5,3,"5","89",5,3,23,2
"1059","EPL",23,371,"West_Ham_United",3,3,"5","89",3,3,23,0
"1060","EPL",23,371,"West_Ham_United",4,2,"5","89",4,2,23,2
"1061","EPL",23,371,"West_Ham_United",3,3,"5","89",3,3,23,0
"1062","EPL",23,371,"West_Ham_United",3,3,"5","89",3,3,23,0
"1063","EPL",23,371,"West_Ham_United",3,3,"5","89",3,3,23,0
"1064","EPL",23,371,"West_Ham_United",3,4,"5","89",3,4,23,-1
"1065","EPL",23,375,"Leicester_City",2,3,"5","90",2,3,23,-1
"1066","EPL",23,375,"Leicester_City",4,4,"5","90",4,4,23,0
"1067","EPL",23,375,"Leicester_City",5,3,"5","90",5,3,23,2
"1068","EPL",23,375,"Leicester_City",4,3,"5","90",4,3,23,1
"1069","EPL",23,375,"Leicester_City",4,3,"5","90",4,3,23,1
"1070","EPL",23,336,"Stoke_City",3,2,"5","91",3,2,23,1
"1071","EPL",23,336,"Stoke_City",3,2,"5","91",3,2,23,1
"1072","EPL",23,336,"Stoke_City",4,3,"5","91",4,3,23,1
"1073","EPL",23,336,"Stoke_City",3,2,"5","91",3,2,23,1
"1074","EPL",23,336,"Stoke_City",3,2,"5","91",3,2,23,1
"1075","EPL",23,336,"Stoke_City",4,4,"5","91",4,4,23,0
"1076","EPL",23,336,"Stoke_City",6,2,"5","91",6,2,23,4
"1077","EPL",23,336,"Stoke_City",3,4,"5","91",3,4,23,-1
"1078","EPL",23,336,"Stoke_City",3,3,"5","91",3,3,23,0
"1079","EPL",23,384,"Crystal_Palace",3,2,"5","92",3,2,23,1
"1080","EPL",23,384,"Crystal_Palace",3,3,"5","92",3,3,23,0
"1081","EPL",23,384,"Crystal_Palace",3,4,"5","92",3,4,23,-1
"1082","EPL",23,384,"Crystal_Palace",5,3,"5","92",5,3,23,2
"1083","EPL",23,384,"Crystal_Palace",4,4,"5","92",4,4,23,0
"1084","EPL",23,318,"Swansea_City",4,3,"5","93",4,3,23,1
"1085","EPL",23,318,"Swansea_City",4,5,"5","93",4,5,23,-1
"1086","EPL",23,318,"Swansea_City",4,3,"5","93",4,3,23,1
"1087","EPL",23,318,"Swansea_City",3,3,"5","93",3,3,23,0
"1088","EPL",23,318,"Swansea_City",3,4,"5","93",3,4,23,-1
"1089","EPL",23,318,"Swansea_City",5,3,"5","93",5,3,23,2
"1090","EPL",23,379,"Burnley",4,4,"5","94",4,4,23,0
"1091","EPL",23,379,"Burnley",2,3,"5","94",2,3,23,-1
"1092","EPL",23,379,"Burnley",4,2,"5","94",4,2,23,2
"1093","EPL",23,395,"Watford",4,2,"5","95",4,2,23,2
"1094","EPL",23,395,"Watford",3,3,"5","95",3,3,23,0
"1095","EPL",23,395,"Watford",3,4,"5","95",3,4,23,-1
"1096","EPL",23,306,"Hull_City",2,3,"5","96",2,3,23,-1
"1097","EPL",23,306,"Hull_City",3,2,"5","96",3,2,23,1
"1098","EPL",23,306,"Hull_City",6,4,"5","96",6,4,23,2
"1099","EPL",23,306,"Hull_City",2,3,"5","96",2,3,23,-1
"1100","EPL",23,306,"Hull_City",4,2,"5","96",4,2,23,2
"1101","EPL",23,369,"Middlesbrough",5,2,"5","97",5,2,23,3
"1102","EPL",23,369,"Middlesbrough",5,3,"5","97",5,3,23,2
"1103","EPL",23,369,"Middlesbrough",5,3,"5","97",5,3,23,2
"1104","EPL",23,369,"Middlesbrough",4,4,"5","97",4,4,23,0
"1105","EPL",23,369,"Middlesbrough",4,3,"5","97",4,3,23,1
"1106","EPL",23,369,"Middlesbrough",5,3,"5","97",5,3,23,2
"1107","EPL",23,369,"Middlesbrough",8,2,"5","97",8,2,23,6
"1108","EPL",23,369,"Middlesbrough",3,2,"5","97",3,2,23,1
"1109","EPL",23,369,"Middlesbrough",3,2,"5","97",3,2,23,1
"1110","EPL",23,366,"Sunderland",2,3,"5","98",2,3,23,-1
"1111","EPL",23,366,"Sunderland",2,2,"5","98",2,2,23,0
"1112","EPL",23,366,"Sunderland",2,2,"5","98",2,2,23,0
"1113","EPL",23,366,"Sunderland",3,3,"5","98",3,3,23,0
"1114","EPL",23,366,"Sunderland",4,4,"5","98",4,4,23,0
"1115","EPL",23,366,"Sunderland",5,3,"5","98",5,3,23,2
"1116","EPL",23,366,"Sunderland",4,3,"5","98",4,3,23,1
"1117","EPL",23,366,"Sunderland",4,4,"5","98",4,4,23,0
"1118","EPL",23,366,"Sunderland",3,3,"5","98",3,3,23,0
"1119","EPL",23,366,"Sunderland",4,4,"5","98",4,4,23,0
"1120","EPL",23,366,"Sunderland",3,3,"5","98",3,3,23,0
"1121","EPL",23,366,"Sunderland",3,4,"5","98",3,4,23,-1
"1122","EPL",23,366,"Sunderland",3,4,"5","98",3,4,23,-1
